County,State,Estimate
Autauga,Alabama,55639
Baldwin,Alabama,218289
Barbour,Alabama,25026
Bibb,Alabama,22374
Blount,Alabama,57755
Bullock,Alabama,10173
Butler,Alabama,19726
Calhoun,Alabama,114324
Chambers,Alabama,33427
Cherokee,Alabama,26035
Chilton,Alabama,44147
Choctaw,Alabama,12755
Clarke,Alabama,23866
Clay,Alabama,13285
Cleburne,Alabama,14952
Coffee,Alabama,52238
Colbert,Alabama,54957
Conecuh,Alabama,12219
Coosa,Alabama,10696
Covington,Alabama,37096
Crenshaw,Alabama,13826
Cullman,Alabama,83345
Dale,Alabama,49293
Dallas,Alabama,38184
DeKalb,Alabama,71430
Elmore,Alabama,81526
Escambia,Alabama,36775
Etowah,Alabama,102721
Fayette,Alabama,16406
Franklin,Alabama,31587
Geneva,Alabama,26383
Greene,Alabama,8221
Hale,Alabama,14754
Henry,Alabama,17123
Houston,Alabama,105319
Jackson,Alabama,51765
Jefferson,Alabama,658615
Lamar,Alabama,13854
Lauderdale,Alabama,92870
Lawrence,Alabama,32969
Lee,Alabama,163461
Limestone,Alabama,96921
Lowndes,Alabama,9936
Macon,Alabama,18437
Madison,Alabama,367686
Marengo,Alabama,19138
Marion,Alabama,29818
Marshall,Alabama,96137
Mobile,Alabama,413977
Monroe,Alabama,21006
Montgomery,Alabama,226451
Morgan,Alabama,119352
Perry,Alabama,9104
Pickens,Alabama,20049
Pike,Alabama,33274
Randolph,Alabama,22732
Russell,Alabama,57938
St. Clair,Alabama,88929
Shelby,Alabama,216350
Sumter,Alabama,12595
Talladega,Alabama,80244
Tallapoosa,Alabama,40450
Tuscaloosa,Alabama,208854
Walker,Alabama,63802
Washington,Alabama,16336
Wilcox,Alabama,10552
Winston,Alabama,23712
Aleutians East Borough,Alaska,3389
Aleutians West Census Area,Alaska,5708
Anchorage Municipality,Alaska,292090
Bethel Census Area,Alaska,18263
Bristol Bay Borough,Alaska,739
Chugach Census Area,Alaska,6495
Copper River Census Area,Alaska,2894
Denali Borough,Alaska,2502
Dillingham Census Area,Alaska,4934
Fairbanks North Star Borough,Alaska,98455
Haines Borough,Alaska,2547
Hoonah-Angoon Census Area,Alaska,2135
Juneau City and Borough,Alaska,32099
Kenai Peninsula Borough,Alaska,58809
Ketchikan Gateway Borough,Alaska,13833
Kodiak Island Borough,Alaska,13383
Kusilvak Census Area,Alaska,8298
Lake and Peninsula Borough,Alaska,1156
Matanuska-Susitna Borough,Alaska,107360
Nome Census Area,Alaska,10009
North Slope Borough,Alaska,9375
Northwest Arctic Borough,Alaska,7709
Petersburg Borough,Alaska,3278
Prince of Wales-Hyder Census Area,Alaska,6338
Sitka City and Borough,Alaska,8569
Skagway Municipality,Alaska,1300
Southeast Fairbanks Census Area,Alaska,6911
Wrangell City and Borough,Alaska,2510
Yakutat City and Borough,Alaska,597
Yukon-Koyukuk Census Area,Alaska,5305
Apache,Arizona,71714
Cochise,Arizona,126442
Coconino,Arizona,142254
Gila,Arizona,53846
Graham,Arizona,38304
Greenlee,Arizona,9465
La Paz,Arizona,21035
Maricopa,Arizona,4412779
Mohave,Arizona,210998
Navajo,Arizona,110271
Pima,Arizona,1038476
Pinal,Arizona,447559
Santa Cruz,Arizona,46594
Yavapai,Arizona,232396
Yuma,Arizona,211931
Arkansas,Arkansas,17761
Ashley,Arkansas,20000
Baxter,Arkansas,41673
Benton,Arkansas,273510
Boone,Arkansas,37525
Bradley,Arkansas,10805
Calhoun,Arkansas,5160
Carroll,Arkansas,28062
Chicot,Arkansas,10433
Clark,Arkansas,22341
Clay,Arkansas,14710
Cleburne,Arkansas,25063
Cleveland,Arkansas,8063
Columbia,Arkansas,23620
Conway,Arkansas,20895
Craighead,Arkansas,109081
Crawford,Arkansas,63118
Crittenden,Arkansas,48381
Cross,Arkansas,16576
Dallas,Arkansas,7114
Desha,Arkansas,11538
Drew,Arkansas,18263
Faulkner,Arkansas,124800
Franklin,Arkansas,17785
Fulton,Arkansas,12301
Garland,Arkansas,99043
Grant,Arkansas,18229
Greene,Arkansas,45197
Hempstead,Arkansas,21695
Hot Spring,Arkansas,33667
Howard,Arkansas,13267
Independence,Arkansas,37585
Izard,Arkansas,13596
Jackson,Arkansas,16908
Jefferson,Arkansas,68123
Johnson,Arkansas,26475
Lafayette,Arkansas,6728
Lawrence,Arkansas,16511
Lee,Arkansas,8963
Lincoln,Arkansas,13278
Little River,Arkansas,12345
Logan,Arkansas,21619
Lonoke,Arkansas,73163
Madison,Arkansas,16393
Marion,Arkansas,16586
Miller,Arkansas,43515
Mississippi,Arkansas,41396
Monroe,Arkansas,6879
Montgomery,Arkansas,8964
Nevada,Arkansas,8249
Newton,Arkansas,7753
Ouachita,Arkansas,23597
Perry,Arkansas,10342
Phillips,Arkansas,18151
Pike,Arkansas,10714
Poinsett,Arkansas,23747
Polk,Arkansas,19999
Pope,Arkansas,63926
Prairie,Arkansas,8138
Pulaski,Arkansas,393078
Randolph,Arkansas,17934
St. Francis,Arkansas,25477
Saline,Arkansas,120990
Scott,Arkansas,10269
Searcy,Arkansas,7898
Sebastian,Arkansas,127670
Sevier,Arkansas,16947
Sharp,Arkansas,17217
Stone,Arkansas,12582
Union,Arkansas,39089
Van Buren,Arkansas,16578
Washington,Arkansas,236198
White,Arkansas,78725
Woodruff,Arkansas,6477
Yell,Arkansas,21425
Alameda,California,1661584
Alpine,California,1159
Amador,California,39023
Butte,California,223344
Calaveras,California,45828
Colusa,California,21491
Contra Costa,California,1147788
Del Norte,California,27692
El Dorado,California,190345
Fresno,California,990204
Glenn,California,28060
Humboldt,California,136101
Imperial,California,180580
Inyo,California,17930
Kern,California,892458
Kings,California,151090
Lake,California,64276
Lassen,California,30600
Los Angeles,California,10040682
Madera,California,155925
Marin,California,259441
Mariposa,California,17319
Mendocino,California,87110
Merced,California,273661
Modoc,California,8853
Mono,California,14395
Monterey,California,432977
Napa,California,138572
Nevada,California,99417
Orange,California,3170345
Placer,California,391799
Plumas,California,18844
Riverside,California,2437864
Sacramento,California,1537948
San Benito,California,61547
San Bernardino,California,2162532
San Diego,California,3323970
San Francisco,California,874784
San Joaquin,California,751615
San Luis Obispo,California,282517
San Mateo,California,765623
Santa Barbara,California,444895
Santa Clara,California,1924379
Santa Cruz,California,273170
Shasta,California,179267
Sierra,California,2898
Siskiyou,California,43516
Solano,California,444538
Sonoma,California,496801
Stanislaus,California,546235
Sutter,California,96315
Tehama,California,64176
Trinity,California,12541
Tulare,California,463955
Tuolumne,California,54147
Ventura,California,845599
Yolo,California,218774
Yuba,California,77524
Adams,Colorado,509844
Alamosa,Colorado,16153
Arapahoe,Colorado,649980
Archuleta,Colorado,13588
Baca,Colorado,3570
Bent,Colorado,5677
Boulder,Colorado,324682
Broomfield,Colorado,69444
Chaffee,Colorado,19977
Cheyenne,Colorado,1999
Clear Creek,Colorado,9533
Conejos,Colorado,8130
Costilla,Colorado,3810
Crowley,Colorado,5733
Custer,Colorado,4941
Delta,Colorado,30758
Denver,Colorado,715878
Dolores,Colorado,1896
Douglas,Colorado,344280
Eagle,Colorado,54960
Elbert,Colorado,26230
El Paso,Colorado,710499
Fremont,Colorado,47725
Garfield,Colorado,59605
Gilpin,Colorado,6108
Grand,Colorado,15536
Gunnison,Colorado,17119
Hinsdale,Colorado,781
Huerfano,Colorado,6769
Jackson,Colorado,1316
Jefferson,Colorado,578795
Kiowa,Colorado,1463
Kit Carson,Colorado,7246
Lake,Colorado,7845
La Plata,Colorado,56138
Larimer,Colorado,350523
Las Animas,Colorado,14323
Lincoln,Colorado,5608
Logan,Colorado,22282
Mesa,Colorado,152962
Mineral,Colorado,853
Moffat,Colorado,13150
Montezuma,Colorado,26266
Montrose,Colorado,42280
Morgan,Colorado,28617
Otero,Colorado,18284
Ouray,Colorado,4890
Park,Colorado,18345
Phillips,Colorado,4343
Pitkin,Colorado,17980
Prowers,Colorado,12035
Pueblo,Colorado,167412
Rio Blanco,Colorado,6369
Rio Grande,Colorado,11300
Routt,Colorado,25317
Saguache,Colorado,6730
San Juan,Colorado,646
San Miguel,Colorado,8110
Sedgwick,Colorado,2306
Summit,Colorado,30735
Teller,Colorado,24981
Washington,Colorado,4869
Weld,Colorado,315389
Yuma,Colorado,10013
Fairfield,Connecticut,944306
Hartford,Connecticut,892153
Litchfield,Connecticut,181143
Middlesex,Connecticut,162742
New Haven,Connecticut,855733
New London,Connecticut,266868
Tolland,Connecticut,150947
Windham,Connecticut,116657
Kent,Delaware,179124
New Castle,Delaware,558306
Sussex,Delaware,230249
District of Columbia,District of Columbia,701974
Alachua,Florida,268105
Baker,Florida,28679
Bay,Florida,180076
Bradford,Florida,27723
Brevard,Florida,594001
Broward,Florida,1942273
Calhoun,Florida,14324
Charlotte,Florida,185926
Citrus,Florida,147938
Clay,Florida,215294
Collier,Florida,379345
Columbia,Florida,70898
DeSoto,Florida,37371
Dixie,Florida,16740
Duval,Florida,948651
Escambia,Florida,316691
Flagler,Florida,112854
Franklin,Florida,11914
Gadsden,Florida,45787
Gilchrist,Florida,18245
Glades,Florida,13777
Gulf,Florida,15073
Hamilton,Florida,14397
Hardee,Florida,27027
Hendry,Florida,41472
Hernando,Florida,190700
Highlands,Florida,104574
Hillsborough,Florida,1451358
Holmes,Florida,19530
Indian River,Florida,156964
Jackson,Florida,47409
Jefferson,Florida,14278
Lafayette,Florida,8576
Lake,Florida,356115
Lee,Florida,756570
Leon,Florida,291863
Levy,Florida,40979
Liberty,Florida,8333
Madison,Florida,18557
Manatee,Florida,393847
Marion,Florida,360210
Martin,Florida,160420
Miami-Dade,Florida,2705528
Monroe,Florida,75137
Nassau,Florida,85762
Okaloosa,Florida,207430
Okeechobee,Florida,41611
Orange,Florida,1373784
Osceola,Florida,363666
Palm Beach,Florida,1482057
Pasco,Florida,539885
Pinellas,Florida,970985
Polk,Florida,705735
Putnam,Florida,73784
St. Johns,Florida,255410
St. Lucie,Florida,320914
Santa Rosa,Florida,179587
Sarasota,Florida,427766
Seminole,Florida,466695
Sumter,Florida,129938
Suwannee,Florida,44290
Taylor,Florida,21709
Union,Florida,15282
Volusia,Florida,546107
Wakulla,Florida,32855
Walton,Florida,71049
Washington,Florida,25094
Appling,Georgia,18428
Atkinson,Georgia,8311
Bacon,Georgia,11140
Baker,Georgia,3090
Baldwin,Georgia,45072
Banks,Georgia,18900
Barrow,Georgia,81294
Bartow,Georgia,106456
Ben Hill,Georgia,16889
Berrien,Georgia,19206
Bibb,Georgia,153026
Bleckley,Georgia,12870
Brantley,Georgia,18924
Brooks,Georgia,15548
Bryan,Georgia,38321
Bulloch,Georgia,77719
Burke,Georgia,22567
Butts,Georgia,24463
Calhoun,Georgia,6301
Camden,Georgia,53960
Candler,Georgia,10834
Carroll,Georgia,118692
Catoosa,Georgia,67181
Charlton,Georgia,13032
Chatham,Georgia,289649
Chattahoochee,Georgia,10470
Chattooga,Georgia,24826
Cherokee,Georgia,253780
Clarke,Georgia,126952
Clay,Georgia,2931
Clayton,Georgia,287560
Clinch,Georgia,6648
Cobb,Georgia,756653
Coffee,Georgia,43070
Colquitt,Georgia,45510
Columbia,Georgia,154257
Cook,Georgia,17217
Coweta,Georgia,145839
Crawford,Georgia,12267
Crisp,Georgia,22509
Dade,Georgia,16183
Dawson,Georgia,25277
Decatur,Georgia,26595
DeKalb,Georgia,755287
Dodge,Georgia,20725
Dooly,Georgia,13571
Dougherty,Georgia,88696
Douglas,Georgia,145063
Early,Georgia,10218
Echols,Georgia,3944
Effingham,Georgia,62241
Elbert,Georgia,19164
Emanuel,Georgia,22525
Evans,Georgia,10671
Fannin,Georgia,25797
Fayette,Georgia,113544
Floyd,Georgia,97805
Forsyth,Georgia,236605
Franklin,Georgia,23015
Fulton,Georgia,1051550
Gilmer,Georgia,30986
Glascock,Georgia,2984
Glynn,Georgia,85008
Gordon,Georgia,57756
Grady,Georgia,24693
Greene,Georgia,17808
Gwinnett,Georgia,926414
Habersham,Georgia,45204
Hall,Georgia,201434
Hancock,Georgia,8500
Haralson,Georgia,29608
Harris,Georgia,34676
Hart,Georgia,25981
Heard,Georgia,11785
Henry,Georgia,229994
Houston,Georgia,155317
Irwin,Georgia,9379
Jackson,Georgia,70467
Jasper,Georgia,14074
Jeff Davis,Georgia,15063
Jefferson,Georgia,15489
Jenkins,Georgia,8787
Johnson,Georgia,9717
Jones,Georgia,28622
Lamar,Georgia,18834
Lanier,Georgia,10534
Laurens,Georgia,47404
Lee,Georgia,29735
Liberty,Georgia,62039
Lincoln,Georgia,7929
Long,Georgia,19236
Lowndes,Georgia,116436
Lumpkin,Georgia,33009
McDuffie,Georgia,21404
McIntosh,Georgia,14217
Macon,Georgia,13107
Madison,Georgia,29624
Marion,Georgia,8450
Meriwether,Georgia,21080
Miller,Georgia,5725
Mitchell,Georgia,22072
Monroe,Georgia,27455
Montgomery,Georgia,9069
Morgan,Georgia,18832
Murray,Georgia,39789
Muscogee,Georgia,195418
Newton,Georgia,109835
Oconee,Georgia,39194
Oglethorpe,Georgia,15040
Paulding,Georgia,164440
Peach,Georgia,27502
Pickens,Georgia,32002
Pierce,Georgia,19336
Pike,Georgia,18565
Polk,Georgia,42251
Pulaski,Georgia,11185
Putnam,Georgia,21906
Quitman,Georgia,2290
Rabun,Georgia,16859
Randolph,Georgia,6888
Richmond,Georgia,202178
Rockdale,Georgia,90155
Schley,Georgia,5215
Screven,Georgia,13977
Seminole,Georgia,8218
Spalding,Georgia,66043
Stephens,Georgia,25934
Stewart,Georgia,6446
Sumter,Georgia,29714
Talbot,Georgia,6245
Taliaferro,Georgia,1596
Tattnall,Georgia,25392
Taylor,Georgia,8126
Telfair,Georgia,15871
Terrell,Georgia,8654
Thomas,Georgia,44545
Tift,Georgia,40590
Toombs,Georgia,26947
Towns,Georgia,11815
Treutlen,Georgia,6787
Troup,Georgia,70095
Turner,Georgia,7920
Twiggs,Georgia,8195
Union,Georgia,23999
Upson,Georgia,26329
Walker,Georgia,69398
Walton,Georgia,93284
Ware,Georgia,35745
Warren,Georgia,5259
Washington,Georgia,20316
Wayne,Georgia,29959
Webster,Georgia,2587
Wheeler,Georgia,7897
White,Georgia,29962
Whitfield,Georgia,104122
Wilcox,Georgia,8701
Wilkes,Georgia,9797
Wilkinson,Georgia,8945
Worth,Georgia,20346
Hawaii,Hawaii,201350
Honolulu,Hawaii,979682
Kalawao,Hawaii,436
Kauai,Hawaii,71949
Maui,Hawaii,166657
Ada,Idaho,469473
Adams,Idaho,4200
Bannock,Idaho,86742
Bear Lake,Idaho,6054
Benewah,Idaho,9231
Bingham,Idaho,46246
Blaine,Idaho,22729
Boise,Idaho,7625
Bonner,Idaho,44688
Bonneville,Idaho,116970
Boundary,Idaho,12156
Butte,Idaho,2603
Camas,Idaho,1069
Canyon,Idaho,223890
Caribou,Idaho,7028
Cassia,Idaho,23847
Clark,Idaho,885
Clearwater,Idaho,8735
Custer,Idaho,4193
Elmore,Idaho,27043
Franklin,Idaho,13736
Fremont,Idaho,13111
Gem,Idaho,17771
Gooding,Idaho,15280
Idaho,Idaho,16511
Jefferson,Idaho,29238
Jerome,Idaho,24074
Kootenai,Idaho,161676
Latah,Idaho,40052
Lemhi,Idaho,7929
Lewis,Idaho,3850
Lincoln,Idaho,5342
Madison,Idaho,39725
Minidoka,Idaho,20817
Nez Perce,Idaho,40468
Oneida,Idaho,4429
Owyhee,Idaho,11724
Payette,Idaho,23705
Power,Idaho,7635
Shoshone,Idaho,12700
Teton,Idaho,11776
Twin Falls,Idaho,86198
Valley,Idaho,11085
Washington,Idaho,10128
Adams,Illinois,65670
Alexander,Illinois,6011
Bond,Illinois,16520
Boone,Illinois,53293
Brown,Illinois,6599
Bureau,Illinois,32878
Calhoun,Illinois,4782
Carroll,Illinois,14398
Cass,Illinois,12324
Champaign,Illinois,210006
Christian,Illinois,32705
Clark,Illinois,15602
Clay,Illinois,13217
Clinton,Illinois,37549
Coles,Illinois,51065
Cook,Illinois,5169517
Crawford,Illinois,18833
Cumberland,Illinois,10787
DeKalb,Illinois,104588
De Witt,Illinois,15764
Douglas,Illinois,19551
DuPage,Illinois,926005
Edgar,Illinois,17272
Edwards,Illinois,6431
Effingham,Illinois,34151
Fayette,Illinois,21418
Ford,Illinois,13155
Franklin,Illinois,38688
Fulton,Illinois,34654
Gallatin,Illinois,4983
Greene,Illinois,12988
Grundy,Illinois,50798
Hamilton,Illinois,8151
Hancock,Illinois,17820
Hardin,Illinois,3890
Henderson,Illinois,6737
Henry,Illinois,49032
Iroquois,Illinois,27437
Jackson,Illinois,57517
Jasper,Illinois,9547
Jefferson,Illinois,37774
Jersey,Illinois,21776
Jo Daviess,Illinois,21429
Johnson,Illinois,12391
Kane,Illinois,531756
Kankakee,Illinois,109924
Kendall,Illinois,127583
Knox,Illinois,50052
Lake,Illinois,699682
LaSalle,Illinois,108998
Lawrence,Illinois,15830
Lee,Illinois,34204
Livingston,Illinois,35757
Logan,Illinois,28818
McDonough,Illinois,30107
McHenry,Illinois,307291
McLean,Illinois,172164
Macon,Illinois,104688
Macoupin,Illinois,45243
Madison,Illinois,264403
Marion,Illinois,37524
Marshall,Illinois,11562
Mason,Illinois,13486
Massac,Illinois,14041
Menard,Illinois,12261
Mercer,Illinois,15503
Monroe,Illinois,34444
Montgomery,Illinois,28598
Morgan,Illinois,34012
Moultrie,Illinois,14557
Ogle,Illinois,50793
Peoria,Illinois,181111
Perry,Illinois,21092
Piatt,Illinois,16412
Pike,Illinois,15571
Pope,Illinois,4177
Pulaski,Illinois,5414
Putnam,Illinois,5720
Randolph,Illinois,31973
Richland,Illinois,15677
Rock Island,Illinois,142801
St. Clair,Illinois,261186
Saline,Illinois,23735
Sangamon,Illinois,195963
Schuyler,Illinois,6897
Scott,Illinois,4982
Shelby,Illinois,21623
Stark,Illinois,5393
Stephenson,Illinois,44683
Tazewell,Illinois,132524
Union,Illinois,16829
Vermilion,Illinois,76704
Wabash,Illinois,11390
Warren,Illinois,16981
Washington,Illinois,13967
Wayne,Illinois,16309
White,Illinois,13712
Whiteside,Illinois,55583
Will,Illinois,689704
Williamson,Illinois,66929
Winnebago,Illinois,283635
Woodford,Illinois,38503
Adams,Indiana,35544
Allen,Indiana,375520
Bartholomew,Indiana,83280
Benton,Indiana,8695
Blackford,Indiana,11926
Boone,Indiana,66875
Brown,Indiana,15093
Carroll,Indiana,20137
Cass,Indiana,37727
Clark,Indiana,117410
Clay,Indiana,26231
Clinton,Indiana,32186
Crawford,Indiana,10582
Daviess,Indiana,33277
Dearborn,Indiana,49612
Decatur,Indiana,26587
DeKalb,Indiana,43193
Delaware,Indiana,114461
Dubois,Indiana,42534
Elkhart,Indiana,205184
Fayette,Indiana,23068
Floyd,Indiana,77879
Fountain,Indiana,16456
Franklin,Indiana,22750
Fulton,Indiana,20069
Gibson,Indiana,33711
Grant,Indiana,66055
Greene,Indiana,32174
Hamilton,Indiana,330455
Hancock,Indiana,76614
Harrison,Indiana,40164
Hendricks,Indiana,166806
Henry,Indiana,48158
Howard,Indiana,82486
Huntington,Indiana,36351
Jackson,Indiana,44077
Jasper,Indiana,33433
Jay,Indiana,20697
Jefferson,Indiana,32167
Jennings,Indiana,27639
Johnson,Indiana,156148
Knox,Indiana,36833
Kosciusko,Indiana,79156
LaGrange,Indiana,39537
Lake,Indiana,485983
LaPorte,Indiana,110026
Lawrence,Indiana,45552
Madison,Indiana,129486
Marion,Indiana,957337
Marshall,Indiana,46336
Martin,Indiana,10169
Miami,Indiana,35684
Monroe,Indiana,147318
Montgomery,Indiana,38295
Morgan,Indiana,70141
Newton,Indiana,13981
Noble,Indiana,47640
Ohio,Indiana,5890
Orange,Indiana,19552
Owen,Indiana,20854
Parke,Indiana,16912
Perry,Indiana,19091
Pike,Indiana,12364
Porter,Indiana,169482
Posey,Indiana,25480
Pulaski,Indiana,12482
Putnam,Indiana,37419
Randolph,Indiana,24694
Ripley,Indiana,28457
Rush,Indiana,16632
St. Joseph,Indiana,270881
Scott,Indiana,23785
Shelby,Indiana,44559
Spencer,Indiana,20364
Starke,Indiana,22996
Steuben,Indiana,34591
Sullivan,Indiana,20647
Switzerland,Indiana,10727
Tippecanoe,Indiana,193302
Tipton,Indiana,15154
Union,Indiana,7140
Vanderburgh,Indiana,181548
Vermillion,Indiana,15485
Vigo,Indiana,107305
Wabash,Indiana,31198
Warren,Indiana,8219
Warrick,Indiana,62608
Washington,Indiana,27942
Wayne,Indiana,66176
Wells,Indiana,28010
White,Indiana,24163
Whitley,Indiana,33899
Adair,Iowa,7048
Adams,Iowa,3633
Allamakee,Iowa,13761
Appanoose,Iowa,12462
Audubon,Iowa,5528
Benton,Iowa,25558
Black Hawk,Iowa,131813
Boone,Iowa,26381
Bremer,Iowa,25032
Buchanan,Iowa,21141
Buena Vista,Iowa,19950
Butler,Iowa,14508
Calhoun,Iowa,9656
Carroll,Iowa,20150
Cass,Iowa,12990
Cedar,Iowa,18475
Cerro Gordo,Iowa,42672
Cherokee,Iowa,11281
Chickasaw,Iowa,11970
Clarke,Iowa,9383
Clay,Iowa,16138
Clayton,Iowa,17527
Clinton,Iowa,46734
Crawford,Iowa,16998
Dallas,Iowa,90418
Davis,Iowa,8977
Decatur,Iowa,7908
Delaware,Iowa,17107
Des Moines,Iowa,39227
Dickinson,Iowa,17260
Dubuque,Iowa,97193
Emmet,Iowa,9322
Fayette,Iowa,19604
Floyd,Iowa,15713
Franklin,Iowa,10091
Fremont,Iowa,6895
Greene,Iowa,8923
Grundy,Iowa,12262
Guthrie,Iowa,10702
Hamilton,Iowa,14905
Hancock,Iowa,10709
Hardin,Iowa,16924
Harrison,Iowa,14043
Henry,Iowa,19889
Howard,Iowa,9201
Humboldt,Iowa,9518
Ida,Iowa,6862
Iowa,Iowa,16155
Jackson,Iowa,19348
Jasper,Iowa,37032
Jefferson,Iowa,18153
Johnson,Iowa,150819
Jones,Iowa,20575
Keokuk,Iowa,10163
Kossuth,Iowa,14864
Lee,Iowa,33946
Linn,Iowa,225601
Louisa,Iowa,11125
Lucas,Iowa,8556
Lyon,Iowa,11800
Madison,Iowa,16148
Mahaska,Iowa,22351
Marion,Iowa,33193
Marshall,Iowa,39804
Mills,Iowa,15023
Mitchell,Iowa,10588
Monona,Iowa,8675
Monroe,Iowa,7761
Montgomery,Iowa,10016
Muscatine,Iowa,42703
O'Brien,Iowa,13796
Osceola,Iowa,6016
Page,Iowa,15205
Palo Alto,Iowa,8941
Plymouth,Iowa,25141
Pocahontas,Iowa,6725
Polk,Iowa,485418
Pottawattamie,Iowa,93478
Poweshiek,Iowa,18391
Ringgold,Iowa,4922
Sac,Iowa,9711
Scott,Iowa,172938
Shelby,Iowa,11544
Sioux,Iowa,34900
Story,Iowa,97355
Tama,Iowa,16962
Taylor,Iowa,6160
Union,Iowa,12303
Van Buren,Iowa,7104
Wapello,Iowa,35102
Warren,Iowa,50867
Washington,Iowa,22100
Wayne,Iowa,6426
Webster,Iowa,36348
Winnebago,Iowa,10474
Winneshiek,Iowa,20090
Woodbury,Iowa,102687
Worth,Iowa,7422
Wright,Iowa,12644
Allen,Kansas,12503
Anderson,Kansas,7877
Atchison,Kansas,16210
Barber,Kansas,4493
Barton,Kansas,26209
Bourbon,Kansas,14539
Brown,Kansas,9575
Butler,Kansas,66890
Chase,Kansas,2604
Chautauqua,Kansas,3280
Cherokee,Kansas,20017
Cheyenne,Kansas,2639
Clark,Kansas,2006
Clay,Kansas,8030
Cloud,Kansas,8831
Coffey,Kansas,8218
Comanche,Kansas,1759
Cowley,Kansas,35090
Crawford,Kansas,38874
Decatur,Kansas,2826
Dickinson,Kansas,18614
Doniphan,Kansas,7616
Douglas,Kansas,121304
Edwards,Kansas,2822
Elk,Kansas,2502
Ellis,Kansas,28747
Ellsworth,Kansas,6176
Finney,Kansas,36451
Ford,Kansas,33718
Franklin,Kansas,25643
Geary,Kansas,33309
Gove,Kansas,2650
Graham,Kansas,2464
Grant,Kansas,7324
Gray,Kansas,6020
Greeley,Kansas,1156
Greenwood,Kansas,6010
Hamilton,Kansas,2552
Harper,Kansas,5506
Harvey,Kansas,34434
Haskell,Kansas,3990
Hodgeman,Kansas,1872
Jackson,Kansas,13249
Jefferson,Kansas,18974
Jewell,Kansas,2854
Johnson,Kansas,597574
Kearny,Kansas,3863
Kingman,Kansas,7173
Kiowa,Kansas,2483
Labette,Kansas,19938
Lane,Kansas,1523
Leavenworth,Kansas,81499
Lincoln,Kansas,3013
Linn,Kansas,9687
Logan,Kansas,2789
Lyon,Kansas,33237
McPherson,Kansas,28557
Marion,Kansas,11865
Marshall,Kansas,9713
Meade,Kansas,4120
Miami,Kansas,33740
Mitchell,Kansas,6053
Montgomery,Kansas,32114
Morris,Kansas,5551
Morton,Kansas,2656
Nemaha,Kansas,10109
Neosho,Kansas,16008
Ness,Kansas,2838
Norton,Kansas,5416
Osage,Kansas,15855
Osborne,Kansas,3494
Ottawa,Kansas,5776
Pawnee,Kansas,6539
Phillips,Kansas,5297
Pottawatomie,Kansas,24203
Pratt,Kansas,9324
Rawlins,Kansas,2490
Reno,Kansas,62421
Republic,Kansas,4607
Rice,Kansas,9532
Riley,Kansas,74059
Rooks,Kansas,4985
Rush,Kansas,2953
Russell,Kansas,6896
Saline,Kansas,54384
Scott,Kansas,4893
Sedgwick,Kansas,515416
Seward,Kansas,21902
Shawnee,Kansas,177293
Sheridan,Kansas,2515
Sherman,Kansas,5904
Smith,Kansas,3594
Stafford,Kansas,4125
Stanton,Kansas,2030
Stevens,Kansas,5498
Sumner,Kansas,22928
Thomas,Kansas,7748
Trego,Kansas,2802
Wabaunsee,Kansas,6877
Wallace,Kansas,1583
Washington,Kansas,5474
Wichita,Kansas,2112
Wilson,Kansas,8600
Woodson,Kansas,3117
Wyandotte,Kansas,165447
Adair,Kentucky,19366
Allen,Kentucky,21065
Anderson,Kentucky,22580
Ballard,Kentucky,7914
Barren,Kentucky,44026
Bath,Kentucky,12421
Bell,Kentucky,26426
Boone,Kentucky,132368
Bourbon,Kentucky,19998
Boyd,Kentucky,47361
Boyle,Kentucky,30090
Bracken,Kentucky,8308
Breathitt,Kentucky,12802
Breckinridge,Kentucky,20283
Bullitt,Kentucky,80921
Butler,Kentucky,12756
Caldwell,Kentucky,12679
Calloway,Kentucky,38991
Campbell,Kentucky,93608
Carlisle,Kentucky,4738
Carroll,Kentucky,10691
Carter,Kentucky,26976
Casey,Kentucky,15968
Christian,Kentucky,71470
Clark,Kentucky,36152
Clay,Kentucky,20110
Clinton,Kentucky,10175
Crittenden,Kentucky,8940
Cumberland,Kentucky,6660
Daviess,Kentucky,101001
Edmonson,Kentucky,12195
Elliott,Kentucky,7461
Estill,Kentucky,14187
Fayette,Kentucky,322200
Fleming,Kentucky,14519
Floyd,Kentucky,35931
Franklin,Kentucky,50744
Fulton,Kentucky,6064
Gallatin,Kentucky,8760
Garrard,Kentucky,17554
Grant,Kentucky,25107
Graves,Kentucky,37125
Grayson,Kentucky,26313
Green,Kentucky,11000
Greenup,Kentucky,35359
Hancock,Kentucky,8748
Hardin,Kentucky,109627
Harlan,Kentucky,26307
Harrison,Kentucky,18763
Hart,Kentucky,18833
Henderson,Kentucky,45550
Henry,Kentucky,15999
Hickman,Kentucky,4461
Hopkins,Kentucky,45044
Jackson,Kentucky,13368
Jefferson,Kentucky,768419
Jessamine,Kentucky,53476
Johnson,Kentucky,22427
Kenton,Kentucky,166552
Knott,Kentucky,15041
Knox,Kentucky,31288
Larue,Kentucky,14269
Laurel,Kentucky,60631
Lawrence,Kentucky,15604
Lee,Kentucky,7088
Leslie,Kentucky,10081
Letcher,Kentucky,21936
Lewis,Kentucky,13345
Lincoln,Kentucky,24493
Livingston,Kentucky,9172
Logan,Kentucky,27049
Lyon,Kentucky,8226
McCracken,Kentucky,65485
McCreary,Kentucky,17333
McLean,Kentucky,9202
Madison,Kentucky,92090
Magoffin,Kentucky,12346
Marion,Kentucky,19257
Marshall,Kentucky,31225
Martin,Kentucky,11421
Mason,Kentucky,17122
Meade,Kentucky,28379
Menifee,Kentucky,6463
Mercer,Kentucky,21690
Metcalfe,Kentucky,10062
Monroe,Kentucky,10616
Montgomery,Kentucky,28042
Morgan,Kentucky,13270
Muhlenberg,Kentucky,30815
Nelson,Kentucky,45915
Nicholas,Kentucky,7189
Ohio,Kentucky,24081
Oldham,Kentucky,66508
Owen,Kentucky,10847
Owsley,Kentucky,4416
Pendleton,Kentucky,14587
Perry,Kentucky,26266
Pike,Kentucky,58595
Powell,Kentucky,12283
Pulaski,Kentucky,64789
Robertson,Kentucky,2139
Rockcastle,Kentucky,16795
Rowan,Kentucky,24534
Russell,Kentucky,17846
Scott,Kentucky,55961
Shelby,Kentucky,48100
Simpson,Kentucky,18319
Spencer,Kentucky,18945
Taylor,Kentucky,25572
Todd,Kentucky,12334
Trigg,Kentucky,14569
Trimble,Kentucky,8528
Union,Kentucky,14582
Warren,Kentucky,130836
Washington,Kentucky,12044
Wayne,Kentucky,20447
Webster,Kentucky,13021
Whitley,Kentucky,36252
Wolfe,Kentucky,7188
Woodford,Kentucky,26486
Acadia Parish,Louisiana,62371
Allen Parish,Louisiana,25572
Ascension Parish,Louisiana,125061
Assumption Parish,Louisiana,22236
Avoyelles Parish,Louisiana,40465
Beauregard Parish,Louisiana,37387
Bienville Parish,Louisiana,13391
Bossier Parish,Louisiana,126952
Caddo Parish,Louisiana,243243
Calcasieu Parish,Louisiana,202858
Caldwell Parish,Louisiana,9959
Cameron Parish,Louisiana,6963
Catahoula Parish,Louisiana,9586
Claiborne Parish,Louisiana,15854
Concordia Parish,Louisiana,19533
De Soto Parish,Louisiana,27395
East Baton Rouge Parish,Louisiana,443158
East Carroll Parish,Louisiana,6947
East Feliciana Parish,Louisiana,19228
Evangeline Parish,Louisiana,33491
Franklin Parish,Louisiana,20109
Grant Parish,Louisiana,22339
Iberia Parish,Louisiana,70763
Iberville Parish,Louisiana,32626
Jackson Parish,Louisiana,15822
Jefferson Parish,Louisiana,434903
Jefferson Davis Parish,Louisiana,31425
Lafayette Parish,Louisiana,243692
Lafourche Parish,Louisiana,97980
LaSalle Parish,Louisiana,14950
Lincoln Parish,Louisiana,47118
Livingston Parish,Louisiana,140524
Madison Parish,Louisiana,11137
Morehouse Parish,Louisiana,25189
Natchitoches Parish,Louisiana,38505
Orleans Parish,Louisiana,391249
Ouachita Parish,Louisiana,154679
Plaquemines Parish,Louisiana,23305
Pointe Coupee Parish,Louisiana,21883
Rapides Parish,Louisiana,130376
Red River Parish,Louisiana,8462
Richland Parish,Louisiana,20251
Sabine Parish,Louisiana,23915
St. Bernard Parish,Louisiana,46694
St. Charles Parish,Louisiana,52856
St. Helena Parish,Louisiana,10227
St. James Parish,Louisiana,21142
St. John the Baptist Parish,Louisiana,43055
St. Landry Parish,Louisiana,82786
St. Martin Parish,Louisiana,53607
St. Mary Parish,Louisiana,50020
St. Tammany Parish,Louisiana,258447
Tangipahoa Parish,Louisiana,133753
Tensas Parish,Louisiana,4435
Terrebonne Parish,Louisiana,111297
Union Parish,Louisiana,22270
Vermilion Parish,Louisiana,59787
Vernon Parish,Louisiana,49315
Washington Parish,Louisiana,46325
Webster Parish,Louisiana,38813
West Baton Rouge Parish,Louisiana,26395
West Carroll Parish,Louisiana,10934
West Feliciana Parish,Louisiana,15441
Winn Parish,Louisiana,14165
Androscoggin,Maine,107958
Aroostook,Maine,67431
Cumberland,Maine,294520
Franklin,Maine,29933
Hancock,Maine,54832
Kennebec,Maine,122158
Knox,Maine,39809
Lincoln,Maine,34415
Oxford,Maine,57741
Penobscot,Maine,151696
Piscataquis,Maine,16864
Sagadahoc,Maine,35720
Somerset,Maine,50573
Waldo,Maine,39723
Washington,Maine,31378
York,Maine,206074
Allegany,Maryland,71002
Anne Arundel,Maryland,575421
Baltimore,Maryland,828193
Calvert,Maryland,92094
Caroline,Maryland,33260
Carroll,Maryland,168233
Cecil,Maryland,102889
Charles,Maryland,161448
Dorchester,Maryland,31994
Frederick,Maryland,255955
Garrett,Maryland,29155
Harford,Maryland,253736
Howard,Maryland,322407
Kent,Maryland,19456
Montgomery,Maryland,1047661
Prince George's,Maryland,910551
Queen Anne's,Maryland,50163
St. Mary's,Maryland,113182
Somerset,Maryland,25699
Talbot,Maryland,37087
Washington,Maryland,150575
Wicomico,Maryland,103222
Worcester,Maryland,51967
Baltimore city,Maryland,602274
Barnstable,Massachusetts,213505
Berkshire,Massachusetts,125927
Bristol,Massachusetts,563301
Dukes,Massachusetts,17430
Essex,Massachusetts,787038
Franklin,Massachusetts,70529
Hampden,Massachusetts,466647
Hampshire,Massachusetts,161361
Middlesex,Massachusetts,1605899
Nantucket,Massachusetts,11212
Norfolk,Massachusetts,703740
Plymouth,Massachusetts,518597
Suffolk,Massachusetts,801162
Worcester,Massachusetts,826655
Alcona,Michigan,10396
Alger,Michigan,9098
Allegan,Michigan,117104
Alpena,Michigan,28431
Antrim,Michigan,23301
Arenac,Michigan,15013
Baraga,Michigan,8337
Barry,Michigan,61045
Bay,Michigan,103506
Benzie,Michigan,17703
Berrien,Michigan,153797
Branch,Michigan,43428
Calhoun,Michigan,133943
Cass,Michigan,51613
Charlevoix,Michigan,26197
Cheboygan,Michigan,25435
Chippewa,Michigan,37418
Clare,Michigan,30655
Clinton,Michigan,78957
Crawford,Michigan,13904
Delta,Michigan,35874
Dickinson,Michigan,25373
Eaton,Michigan,109730
Emmet,Michigan,33175
Genesee,Michigan,406770
Gladwin,Michigan,25312
Gogebic,Michigan,14715
Grand Traverse,Michigan,92640
Gratiot,Michigan,40692
Hillsdale,Michigan,45707
Houghton,Michigan,35890
Huron,Michigan,31105
Ingham,Michigan,290923
Ionia,Michigan,64401
Iosco,Michigan,25213
Iron,Michigan,11099
Isabella,Michigan,70363
Jackson,Michigan,158174
Kalamazoo,Michigan,264322
Kalkaska,Michigan,17725
Kent,Michigan,652617
Keweenaw,Michigan,2102
Lake,Michigan,11805
Lapeer,Michigan,87975
Leelanau,Michigan,21649
Lenawee,Michigan,98310
Livingston,Michigan,190832
Luce,Michigan,6286
Mackinac,Michigan,10781
Macomb,Michigan,870893
Manistee,Michigan,24539
Marquette,Michigan,66403
Mason,Michigan,29062
Mecosta,Michigan,43481
Menominee,Michigan,22902
Midland,Michigan,83445
Missaukee,Michigan,15075
Monroe,Michigan,150000
Montcalm,Michigan,63516
Montmorency,Michigan,9270
Muskegon,Michigan,173679
Newaygo,Michigan,48687
Oakland,Michigan,1255340
Oceana,Michigan,26545
Ogemaw,Michigan,20895
Ontonagon,Michigan,5802
Osceola,Michigan,23323
Oscoda,Michigan,8282
Otsego,Michigan,24613
Ottawa,Michigan,289162
Presque Isle,Michigan,12687
Roscommon,Michigan,23863
Saginaw,Michigan,191166
St. Clair,Michigan,159285
St. Joseph,Michigan,60789
Sanilac,Michigan,41179
Schoolcraft,Michigan,8031
Shiawassee,Michigan,68176
Tuscola,Michigan,52683
Van Buren,Michigan,75416
Washtenaw,Michigan,368385
Wayne,Michigan,1753059
Wexford,Michigan,33433
Aitkin,Minnesota,15826
Anoka,Minnesota,353775
Becker,Minnesota,34227
Beltrami,Minnesota,46784
Benton,Minnesota,40476
Big Stone,Minnesota,4974
Blue Earth,Minnesota,67368
Brown,Minnesota,25076
Carlton,Minnesota,35709
Carver,Minnesota,103561
Cass,Minnesota,29462
Chippewa,Minnesota,11876
Chisago,Minnesota,55844
Clay,Minnesota,64029
Clearwater,Minnesota,8872
Cook,Minnesota,5402
Cottonwood,Minnesota,11279
Crow Wing,Minnesota,64775
Dakota,Minnesota,425271
Dodge,Minnesota,20807
Douglas,Minnesota,37820
Faribault,Minnesota,13727
Fillmore,Minnesota,21031
Freeborn,Minnesota,30465
Goodhue,Minnesota,46330
Grant,Minnesota,5962
Hennepin,Minnesota,1255296
Houston,Minnesota,18670
Hubbard,Minnesota,21287
Isanti,Minnesota,40004
Itasca,Minnesota,45180
Jackson,Minnesota,9873
Kanabec,Minnesota,16205
Kandiyohi,Minnesota,42909
Kittson,Minnesota,4272
Koochiching,Minnesota,12355
Lac qui Parle,Minnesota,6645
Lake,Minnesota,10571
Lake of the Woods,Minnesota,3747
Le Sueur,Minnesota,28425
Lincoln,Minnesota,5641
Lyon,Minnesota,25696
McLeod,Minnesota,35788
Mahnomen,Minnesota,5508
Marshall,Minnesota,9353
Martin,Minnesota,19737
Meeker,Minnesota,23149
Mille Lacs,Minnesota,25963
Morrison,Minnesota,33119
Mower,Minnesota,39931
Murray,Minnesota,8247
Nicollet,Minnesota,34176
Nobles,Minnesota,21667
Norman,Minnesota,6466
Olmsted,Minnesota,156446
Otter Tail,Minnesota,58416
Pennington,Minnesota,14110
Pine,Minnesota,29254
Pipestone,Minnesota,9163
Polk,Minnesota,31384
Pope,Minnesota,11107
Ramsey,Minnesota,546598
Red Lake,Minnesota,4005
Redwood,Minnesota,15193
Renville,Minnesota,14572
Rice,Minnesota,66549
Rock,Minnesota,9386
Roseau,Minnesota,15259
St. Louis,Minnesota,199499
Scott,Minnesota,147201
Sherburne,Minnesota,96015
Sibley,Minnesota,14871
Stearns,Minnesota,159788
Steele,Minnesota,36710
Stevens,Minnesota,9770
Swift,Minnesota,9329
Todd,Minnesota,24603
Traverse,Minnesota,3282
Wabasha,Minnesota,21564
Wadena,Minnesota,13681
Waseca,Minnesota,18658
Washington,Minnesota,259072
Watonwan,Minnesota,10903
Wilkin,Minnesota,6264
Winona,Minnesota,50744
Wright,Minnesota,136387
Yellow Medicine,Minnesota,9775
Adams,Mississippi,31103
Alcorn,Mississippi,37058
Amite,Mississippi,12341
Attala,Mississippi,18308
Benton,Mississippi,8275
Bolivar,Mississippi,31253
Calhoun,Mississippi,14417
Carroll,Mississippi,9972
Chickasaw,Mississippi,17060
Choctaw,Mississippi,8206
Claiborne,Mississippi,9042
Clarke,Mississippi,15612
Clay,Mississippi,19515
Coahoma,Mississippi,22685
Copiah,Mississippi,28339
Covington,Mississippi,18810
DeSoto,Mississippi,182256
Forrest,Mississippi,75162
Franklin,Mississippi,7716
George,Mississippi,24098
Greene,Mississippi,13619
Grenada,Mississippi,20927
Hancock,Mississippi,47339
Harrison,Mississippi,206169
Hinds,Mississippi,235604
Holmes,Mississippi,17414
Humphreys,Mississippi,8198
Issaquena,Mississippi,1223
Itawamba,Mississippi,23396
Jackson,Mississippi,142872
Jasper,Mississippi,16454
Jefferson,Mississippi,7129
Jefferson Davis,Mississippi,11182
Jones,Mississippi,68307
Kemper,Mississippi,9829
Lafayette,Mississippi,54059
Lamar,Mississippi,62693
Lauderdale,Mississippi,75557
Lawrence,Mississippi,12595
Leake,Mississippi,22791
Lee,Mississippi,85304
Leflore,Mississippi,28764
Lincoln,Mississippi,34197
Lowndes,Mississippi,58896
Madison,Mississippi,105482
Marion,Mississippi,24785
Marshall,Mississippi,35502
Monroe,Mississippi,35559
Montgomery,Mississippi,9956
Neshoba,Mississippi,29250
Newton,Mississippi,21215
Noxubee,Mississippi,10566
Oktibbeha,Mississippi,49593
Panola,Mississippi,34079
Pearl River,Mississippi,55512
Perry,Mississippi,11981
Pike,Mississippi,39365
Pontotoc,Mississippi,31996
Prentiss,Mississippi,25155
Quitman,Mississippi,7038
Rankin,Mississippi,154119
Scott,Mississippi,28288
Sharkey,Mississippi,4427
Simpson,Mississippi,26818
Smith,Mississippi,15919
Stone,Mississippi,18282
Sunflower,Mississippi,25759
Tallahatchie,Mississippi,14041
Tate,Mississippi,28419
Tippah,Mississippi,21976
Tishomingo,Mississippi,19396
Tunica,Mississippi,9807
Union,Mississippi,28578
Walthall,Mississippi,14423
Warren,Mississippi,46030
Washington,Mississippi,45072
Wayne,Mississippi,20344
Webster,Mississippi,9727
Wilkinson,Mississippi,8727
Winston,Mississippi,18116
Yalobusha,Mississippi,12276
Yazoo,Mississippi,28511
Adair,Missouri,25468
Andrew,Missouri,17554
Atchison,Missouri,5180
Audrain,Missouri,25336
Barry,Missouri,35615
Barton,Missouri,11732
Bates,Missouri,16282
Benton,Missouri,19305
Bollinger,Missouri,12181
Boone,Missouri,179704
Buchanan,Missouri,87904
Butler,Missouri,42570
Caldwell,Missouri,9052
Callaway,Missouri,44944
Camden,Missouri,45823
Cape Girardeau,Missouri,78834
Carroll,Missouri,8723
Carter,Missouri,6085
Cass,Missouri,104687
Cedar,Missouri,14144
Chariton,Missouri,7449
Christian,Missouri,87324
Clark,Missouri,6783
Clay,Missouri,246480
Clinton,Missouri,20503
Cole,Missouri,76630
Cooper,Missouri,17522
Crawford,Missouri,23984
Dade,Missouri,7571
Dallas,Missouri,16841
Daviess,Missouri,8294
DeKalb,Missouri,11872
Dent,Missouri,15518
Douglas,Missouri,13335
Dunklin,Missouri,29657
Franklin,Missouri,103629
Gasconade,Missouri,14673
Gentry,Missouri,6576
Greene,Missouri,291574
Grundy,Missouri,9885
Harrison,Missouri,8427
Henry,Missouri,21854
Hickory,Missouri,9452
Holt,Missouri,4374
Howard,Missouri,10022
Howell,Missouri,40130
Iron,Missouri,10150
Jackson,Missouri,700733
Jasper,Missouri,120528
Jefferson,Missouri,224777
Johnson,Missouri,53948
Knox,Missouri,3948
Laclede,Missouri,35680
Lafayette,Missouri,32697
Lawrence,Missouri,38241
Lewis,Missouri,9898
Lincoln,Missouri,57590
Linn,Missouri,12004
Livingston,Missouri,14969
McDonald,Missouri,22882
Macon,Missouri,15154
Madison,Missouri,12176
Maries,Missouri,8791
Marion,Missouri,28572
Mercer,Missouri,3623
Miller,Missouri,25369
Mississippi,Missouri,13328
Moniteau,Missouri,15907
Monroe,Missouri,8630
Montgomery,Missouri,11414
Morgan,Missouri,20438
New Madrid,Missouri,17275
Newton,Missouri,58288
Nodaway,Missouri,22199
Oregon,Missouri,10561
Osage,Missouri,13613
Ozark,Missouri,9138
Pemiscot,Missouri,16330
Perry,Missouri,19227
Pettis,Missouri,42421
Phelps,Missouri,44587
Pike,Missouri,18158
Platte,Missouri,102848
Polk,Missouri,32031
Pulaski,Missouri,52359
Putnam,Missouri,4746
Ralls,Missouri,10258
Randolph,Missouri,24769
Ray,Missouri,22900
Reynolds,Missouri,6274
Ripley,Missouri,13484
St. Charles,Missouri,398472
St. Clair,Missouri,9455
Ste. Genevieve,Missouri,17887
St. Francois,Missouri,66653
St. Louis,Missouri,996179
Saline,Missouri,22932
Schuyler,Missouri,4550
Scotland,Missouri,4923
Scott,Missouri,38538
Shannon,Missouri,8207
Shelby,Missouri,5975
Stoddard,Missouri,29255
Stone,Missouri,31875
Sullivan,Missouri,6163
Taney,Missouri,55563
Texas,Missouri,25518
Vernon,Missouri,20560
Warren,Missouri,35090
Washington,Missouri,24819
Wayne,Missouri,13058
Webster,Missouri,39127
Worth,Missouri,2001
Wright,Missouri,18256
St. Louis city,Missouri,304709
Beaverhead,Montana,9454
Big Horn,Montana,13302
Blaine,Montana,6698
Broadwater,Montana,6080
Carbon,Montana,10689
Carter,Montana,1305
Cascade,Montana,81576
Chouteau,Montana,5731
Custer,Montana,11563
Daniels,Montana,1705
Dawson,Montana,8824
Deer Lodge,Montana,9153
Fallon,Montana,2975
Fergus,Montana,11167
Flathead,Montana,102001
Gallatin,Montana,111401
Garfield,Montana,1051
Glacier,Montana,13706
Golden Valley,Montana,814
Granite,Montana,3325
Hill,Montana,16422
Jefferson,Montana,12069
Judith Basin,Montana,1968
Lake,Montana,30383
Lewis and Clark,Montana,68714
Liberty,Montana,2455
Lincoln,Montana,19845
McCone,Montana,1826
Madison,Montana,8530
Meagher,Montana,1795
Mineral,Montana,4330
Missoula,Montana,119062
Musselshell,Montana,4682
Park,Montana,16513
Petroleum,Montana,464
Phillips,Montana,4032
Pondera,Montana,5911
Powder River,Montana,1634
Powell,Montana,6843
Prairie,Montana,1162
Ravalli,Montana,43424
Richland,Montana,11097
Roosevelt,Montana,11091
Rosebud,Montana,9065
Sanders,Montana,11804
Sheridan,Montana,3389
Silver Bow,Montana,34895
Stillwater,Montana,9562
Sweet Grass,Montana,3676
Teton,Montana,6127
Toole,Montana,4812
Treasure,Montana,614
Valley,Montana,7424
Wheatland,Montana,2138
Wibaux,Montana,1037
Yellowstone,Montana,160390
Adams,Nebraska,31541
Antelope,Nebraska,6315
Arthur,Nebraska,439
Banner,Nebraska,645
Blaine,Nebraska,467
Boone,Nebraska,5228
Box Butte,Nebraska,10845
Boyd,Nebraska,1882
Brown,Nebraska,2887
Buffalo,Nebraska,49594
Burt,Nebraska,6503
Butler,Nebraska,7997
Cass,Nebraska,26022
Cedar,Nebraska,8483
Chase,Nebraska,3707
Cherry,Nebraska,5801
Cheyenne,Nebraska,9428
Clay,Nebraska,6193
Colfax,Nebraska,10681
Cuming,Nebraska,8882
Custer,Nebraska,10788
Dakota,Nebraska,20124
Dawes,Nebraska,8685
Dawson,Nebraska,23638
Deuel,Nebraska,1770
Dixon,Nebraska,5682
Dodge,Nebraska,36565
Douglas,Nebraska,565739
Dundy,Nebraska,1928
Fillmore,Nebraska,5542
Franklin,Nebraska,2970
Frontier,Nebraska,2636
Furnas,Nebraska,4712
Gage,Nebraska,21548
Garden,Nebraska,1916
Garfield,Nebraska,2081
Gosper,Nebraska,2001
Grant,Nebraska,691
Greeley,Nebraska,2361
Hall,Nebraska,61338
Hamilton,Nebraska,9219
Harlan,Nebraska,3380
Hayes,Nebraska,889
Hitchcock,Nebraska,2788
Holt,Nebraska,10123
Hooker,Nebraska,741
Howard,Nebraska,6428
Jefferson,Nebraska,7102
Johnson,Nebraska,5118
Kearney,Nebraska,6588
Keith,Nebraska,8048
Keya Paha,Nebraska,875
Kimball,Nebraska,3576
Knox,Nebraska,8400
Lancaster,Nebraska,315976
Lincoln,Nebraska,35042
Logan,Nebraska,896
Loup,Nebraska,690
McPherson,Nebraska,420
Madison,Nebraska,35023
Merrick,Nebraska,7826
Morrill,Nebraska,4711
Nance,Nebraska,3525
Nemaha,Nebraska,6978
Nuckolls,Nebraska,4204
Otoe,Nebraska,15965
Pawnee,Nebraska,2640
Perkins,Nebraska,2889
Phelps,Nebraska,9050
Pierce,Nebraska,7132
Platte,Nebraska,33250
Polk,Nebraska,5208
Red Willow,Nebraska,10725
Richardson,Nebraska,7913
Rock,Nebraska,1430
Saline,Nebraska,14221
Sarpy,Nebraska,183956
Saunders,Nebraska,21356
Scotts Bluff,Nebraska,35884
Seward,Nebraska,17217
Sheridan,Nebraska,5215
Sherman,Nebraska,3015
Sioux,Nebraska,1298
Stanton,Nebraska,5946
Thayer,Nebraska,5000
Thomas,Nebraska,586
Thurston,Nebraska,7218
Valley,Nebraska,4100
Washington,Nebraska,20546
Wayne,Nebraska,9388
Webster,Nebraska,3497
Wheeler,Nebraska,689
York,Nebraska,13671
Churchill,Nevada,24606
Clark,Nevada,2228866
Douglas,Nevada,48486
Elko,Nevada,52537
Esmeralda,Nevada,1030
Eureka,Nevada,1839
Humboldt,Nevada,16834
Lander,Nevada,5565
Lincoln,Nevada,5177
Lyon,Nevada,55667
Mineral,Nevada,4487
Nye,Nevada,45514
Pershing,Nevada,6591
Storey,Nevada,4086
Washoe,Nevada,464182
White Pine,Nevada,9570
Carson City,Nevada,55244
Belknap,New Hampshire,61174
Carroll,New Hampshire,48461
Cheshire,New Hampshire,76040
Coos,New Hampshire,31486
Grafton,New Hampshire,90331
Hillsborough,New Hampshire,415305
Merrimack,New Hampshire,150902
Rockingham,New Hampshire,308211
Strafford,New Hampshire,130161
Sullivan,New Hampshire,43173
Atlantic,New Jersey,264650
Bergen,New Jersey,931275
Burlington,New Jersey,446301
Camden,New Jersey,506721
Cape May,New Jersey,92701
Cumberland,New Jersey,150085
Essex,New Jersey,798698
Gloucester,New Jersey,291745
Hudson,New Jersey,671923
Hunterdon,New Jersey,125063
Mercer,New Jersey,368085
Middlesex,New Jersey,825015
Monmouth,New Jersey,620821
Morris,New Jersey,492715
Ocean,New Jersey,602018
Passaic,New Jersey,502763
Salem,New Jersey,62754
Somerset,New Jersey,330151
Sussex,New Jersey,140996
Union,New Jersey,555208
Warren,New Jersey,105730
Bernalillo,New Mexico,679037
Catron,New Mexico,3547
Chaves,New Mexico,64912
Cibola,New Mexico,26763
Colfax,New Mexico,12106
Curry,New Mexico,49502
De Baca,New Mexico,1995
Doï¿½ï¿½ï¿,New Mexico,217696
Eddy,New Mexico,57865
Grant,New Mexico,27391
Guadalupe,New Mexico,4336
Harding,New Mexico,432
Hidalgo,New Mexico,4234
Lea,New Mexico,70359
Lincoln,New Mexico,19640
Los Alamos,New Mexico,18976
Luna,New Mexico,24022
McKinley,New Mexico,71956
Mora,New Mexico,4500
Otero,New Mexico,66804
Quay,New Mexico,8265
Rio Arriba,New Mexico,38962
Roosevelt,New Mexico,18723
Sandoval,New Mexico,144954
San Juan,New Mexico,125608
San Miguel,New Mexico,27546
Santa Fe,New Mexico,150319
Sierra,New Mexico,10988
Socorro,New Mexico,16723
Taos,New Mexico,32759
Torrance,New Mexico,15477
Union,New Mexico,4106
Valencia,New Mexico,76518
Albany,New York,306165
Allegany,New York,46304
Bronx,New York,1427056
Broome,New York,192042
Cattaraugus,New York,76750
Cayuga,New York,76958
Chautauqua,New York,127584
Chemung,New York,84115
Chenango,New York,47527
Clinton,New York,80320
Columbia,New York,60016
Cortland,New York,47618
Delaware,New York,44676
Dutchess,New York,293524
Erie,New York,918873
Essex,New York,37281
Franklin,New York,50389
Fulton,New York,53452
Genesee,New York,57554
Greene,New York,47335
Hamilton,New York,4454
Herkimer,New York,61738
Jefferson,New York,111454
Kings,New York,2576771
Lewis,New York,26456
Livingston,New York,63218
Madison,New York,70990
Monroe,New York,743084
Montgomery,New York,49294
Nassau,New York,1355683
New York,New York,1629153
Niagara,New York,210145
Oneida,New York,229074
Onondaga,New York,461591
Ontario,New York,109774
Orange,New York,382077
Orleans,New York,40624
Oswego,New York,117630
Otsego,New York,59593
Putnam,New York,98714
Queens,New York,2270976
Rensselaer,New York,159013
Richmond,New York,475596
Rockland,New York,325213
St. Lawrence,New York,108352
Saratoga,New York,229313
Schenectady,New York,155086
Schoharie,New York,31189
Schuyler,New York,17845
Seneca,New York,34295
Steuben,New York,95843
Suffolk,New York,1481364
Sullivan,New York,75329
Tioga,New York,48431
Tompkins,New York,102237
Ulster,New York,178371
Warren,New York,64187
Washington,New York,61304
Wayne,New York,90103
Westchester,New York,968738
Wyoming,New York,40027
Yates,New York,24981
Alamance,North Carolina,166144
Alexander,North Carolina,37271
Alleghany,North Carolina,11085
Anson,North Carolina,24430
Ashe,North Carolina,27009
Avery,North Carolina,17510
Beaufort,North Carolina,47160
Bertie,North Carolina,19081
Bladen,North Carolina,33209
Brunswick,North Carolina,137303
Buncombe,North Carolina,259576
Burke,North Carolina,90148
Cabarrus,North Carolina,211605
Caldwell,North Carolina,82056
Camden,North Carolina,10654
Carteret,North Carolina,69301
Caswell,North Carolina,22619
Catawba,North Carolina,158507
Chatham,North Carolina,72853
Cherokee,North Carolina,28413
Chowan,North Carolina,13995
Clay,North Carolina,11150
Cleveland,North Carolina,97765
Columbus,North Carolina,55659
Craven,North Carolina,102290
Cumberland,North Carolina,334562
Currituck,North Carolina,27210
Dare,North Carolina,36698
Davidson,North Carolina,166837
Davie,North Carolina,42543
Duplin,North Carolina,58965
Durham,North Carolina,317665
Edgecombe,North Carolina,52069
Forsyth,North Carolina,378499
Franklin,North Carolina,68027
Gaston,North Carolina,222119
Gates,North Carolina,11519
Graham,North Carolina,8501
Granville,North Carolina,59823
Greene,North Carolina,20987
Guilford,North Carolina,532956
Halifax,North Carolina,50678
Harnett,North Carolina,134328
Haywood,North Carolina,61862
Henderson,North Carolina,116298
Hertford,North Carolina,23752
Hoke,North Carolina,54590
Hyde,North Carolina,5089
Iredell,North Carolina,178853
Jackson,North Carolina,43435
Johnston,North Carolina,203308
Jones,North Carolina,9453
Lee,North Carolina,61083
Lenoir,North Carolina,56350
Lincoln,North Carolina,84580
McDowell,North Carolina,45402
Macon,North Carolina,35172
Madison,North Carolina,21608
Martin,North Carolina,22644
Mecklenburg,North Carolina,1095170
Mitchell,North Carolina,14959
Montgomery,North Carolina,27223
Moore,North Carolina,99263
Nash,North Carolina,94287
New Hanover,North Carolina,231448
Northampton,North Carolina,19672
Onslow,North Carolina,198377
Orange,North Carolina,146354
Pamlico,North Carolina,12673
Pasquotank,North Carolina,39775
Pender,North Carolina,61891
Perquimans,North Carolina,13513
Person,North Carolina,39561
Pitt,North Carolina,179961
Polk,North Carolina,20682
Randolph,North Carolina,143460
Richmond,North Carolina,44759
Robeson,North Carolina,131656
Rockingham,North Carolina,91051
Rowan,North Carolina,140978
Rutherford,North Carolina,66741
Sampson,North Carolina,63284
Scotland,North Carolina,34921
Stanly,North Carolina,62050
Stokes,North Carolina,45688
Surry,North Carolina,71904
Swain,North Carolina,14241
Transylvania,North Carolina,34039
Tyrrell,North Carolina,3978
Union,North Carolina,235767
Vance,North Carolina,44614
Wake,North Carolina,1091662
Warren,North Carolina,19746
Washington,North Carolina,11788
Watauga,North Carolina,55669
Wayne,North Carolina,123785
Wilkes,North Carolina,68341
Wilson,North Carolina,81579
Yadkin,North Carolina,37589
Yancey,North Carolina,17870
Adams,North Dakota,2271
Barnes,North Dakota,10592
Benson,North Dakota,6860
Billings,North Dakota,886
Bottineau,North Dakota,6418
Bowman,North Dakota,3091
Burke,North Dakota,2142
Burleigh,North Dakota,95509
Cass,North Dakota,179937
Cavalier,North Dakota,3769
Dickey,North Dakota,4857
Divide,North Dakota,2289
Dunn,North Dakota,4362
Eddy,North Dakota,2262
Emmons,North Dakota,3262
Foster,North Dakota,3231
Golden Valley,North Dakota,1796
Grand Forks,North Dakota,70243
Grant,North Dakota,2318
Griggs,North Dakota,2314
Hettinger,North Dakota,2510
Kidder,North Dakota,2468
LaMoure,North Dakota,4225
Logan,North Dakota,1743
McHenry,North Dakota,5825
McIntosh,North Dakota,2535
McKenzie,North Dakota,13836
McLean,North Dakota,9531
Mercer,North Dakota,8359
Morton,North Dakota,31118
Mountrail,North Dakota,10348
Nelson,North Dakota,2864
Oliver,North Dakota,1962
Pembina,North Dakota,6850
Pierce,North Dakota,4061
Ramsey,North Dakota,11521
Ransom,North Dakota,5258
Renville,North Dakota,2387
Richland,North Dakota,16245
Rolette,North Dakota,14437
Sargent,North Dakota,3899
Sheridan,North Dakota,1289
Sioux,North Dakota,4339
Slope,North Dakota,788
Stark,North Dakota,31164
Steele,North Dakota,1817
Stutsman,North Dakota,20879
Towner,North Dakota,2191
Traill,North Dakota,7999
Walsh,North Dakota,10642
Ward,North Dakota,68962
Wells,North Dakota,3889
Williams,North Dakota,36044
Adams,Ohio,27685
Allen,Ohio,102808
Ashland,Ohio,53533
Ashtabula,Ohio,97416
Athens,Ohio,65945
Auglaize,Ohio,45709
Belmont,Ohio,67424
Brown,Ohio,43508
Butler,Ohio,382129
Carroll,Ohio,27195
Champaign,Ohio,38861
Clark,Ohio,134409
Clermont,Ohio,205616
Clinton,Ohio,42000
Columbiana,Ohio,102514
Coshocton,Ohio,36558
Crawford,Ohio,41603
Cuyahoga,Ohio,1241475
Darke,Ohio,51387
Defiance,Ohio,38024
Delaware,Ohio,205454
Erie,Ohio,74419
Fairfield,Ohio,156204
Fayette,Ohio,28609
Franklin,Ohio,1304715
Fulton,Ohio,42186
Gallia,Ohio,29995
Geauga,Ohio,93657
Greene,Ohio,167867
Guernsey,Ohio,38996
Hamilton,Ohio,815790
Hancock,Ohio,75765
Hardin,Ohio,31393
Harrison,Ohio,15132
Henry,Ohio,27068
Highland,Ohio,43080
Hocking,Ohio,28306
Holmes,Ohio,43954
Huron,Ohio,58271
Jackson,Ohio,32440
Jefferson,Ohio,65943
Knox,Ohio,61776
Lake,Ohio,229755
Lawrence,Ohio,59901
Licking,Ohio,175409
Logan,Ohio,45315
Lorain,Ohio,309134
Lucas,Ohio,430319
Madison,Ohio,44248
Mahoning,Ohio,228452
Marion,Ohio,65179
Medina,Ohio,179116
Meigs,Ohio,22974
Mercer,Ohio,41034
Miami,Ohio,106074
Monroe,Ohio,13827
Montgomery,Ohio,531988
Morgan,Ohio,14557
Morrow,Ohio,35148
Muskingum,Ohio,86033
Noble,Ohio,14410
Ottawa,Ohio,40557
Paulding,Ohio,18742
Perry,Ohio,36076
Pickaway,Ohio,58112
Pike,Ohio,27914
Portage,Ohio,162476
Preble,Ohio,40995
Putnam,Ohio,33836
Richland,Ohio,121043
Ross,Ohio,76816
Sandusky,Ohio,58801
Scioto,Ohio,75441
Seneca,Ohio,55251
Shelby,Ohio,48610
Stark,Ohio,371516
Summit,Ohio,540810
Trumbull,Ohio,199144
Tuscarawas,Ohio,92165
Union,Ohio,57871
Van Wert,Ohio,28213
Vinton,Ohio,13045
Warren,Ohio,232540
Washington,Ohio,60217
Wayne,Ohio,116063
Williams,Ohio,36760
Wood,Ohio,130662
Wyandot,Ohio,21907
Adair,Oklahoma,22171
Alfalfa,Oklahoma,5791
Atoka,Oklahoma,13815
Beaver,Oklahoma,5326
Beckham,Oklahoma,21860
Blaine,Oklahoma,9521
Bryan,Oklahoma,47325
Caddo,Oklahoma,29179
Canadian,Oklahoma,144610
Carter,Oklahoma,48380
Cherokee,Oklahoma,48871
Choctaw,Oklahoma,14727
Cimarron,Oklahoma,2159
Cleveland,Oklahoma,282189
Coal,Oklahoma,5577
Comanche,Oklahoma,121374
Cotton,Oklahoma,5783
Craig,Oklahoma,14274
Creek,Oklahoma,71505
Custer,Oklahoma,28929
Delaware,Oklahoma,42741
Dewey,Oklahoma,4885
Ellis,Oklahoma,3936
Garfield,Oklahoma,61555
Garvin,Oklahoma,27789
Grady,Oklahoma,55315
Grant,Oklahoma,4369
Greer,Oklahoma,5790
Harmon,Oklahoma,2663
Harper,Oklahoma,3730
Haskell,Oklahoma,12688
Hughes,Oklahoma,13265
Jackson,Oklahoma,24808
Jefferson,Oklahoma,6084
Johnston,Oklahoma,11028
Kay,Oklahoma,44074
Kingfisher,Oklahoma,15811
Kiowa,Oklahoma,8816
Latimer,Oklahoma,10239
Le Flore,Oklahoma,49999
Lincoln,Oklahoma,34936
Logan,Oklahoma,47401
Love,Oklahoma,10128
McClain,Oklahoma,39921
McCurtain,Oklahoma,32913
McIntosh,Oklahoma,19677
Major,Oklahoma,7654
Marshall,Oklahoma,16688
Mayes,Oklahoma,41098
Murray,Oklahoma,13972
Muskogee,Oklahoma,68451
Noble,Oklahoma,11263
Nowata,Oklahoma,10243
Okfuskee,Oklahoma,11987
Oklahoma,Oklahoma,792668
Okmulgee,Oklahoma,38553
Osage,Oklahoma,47074
Ottawa,Oklahoma,31283
Pawnee,Oklahoma,16402
Payne,Oklahoma,81912
Pittsburg,Oklahoma,43955
Pontotoc,Oklahoma,38385
Pottawatomie,Oklahoma,72511
Pushmataha,Oklahoma,11055
Roger Mills,Oklahoma,3635
Rogers,Oklahoma,92052
Seminole,Oklahoma,24624
Sequoyah,Oklahoma,41687
Stephens,Oklahoma,43401
Texas,Oklahoma,20633
Tillman,Oklahoma,7347
Tulsa,Oklahoma,650291
Wagoner,Oklahoma,80264
Washington,Oklahoma,51995
Washita,Oklahoma,11066
Woods,Oklahoma,8914
Woodward,Oklahoma,20352
Baker,Oregon,16090
Benton,Oregon,92168
Clackamas,Oregon,415084
Clatsop,Oregon,39656
Columbia,Oregon,52117
Coos,Oregon,64175
Crook,Oregon,23733
Curry,Oregon,22889
Deschutes,Oregon,191749
Douglas,Oregon,110015
Gilliam,Oregon,1896
Grant,Oregon,7174
Harney,Oregon,7310
Hood River,Oregon,23270
Jackson,Oregon,218781
Jefferson,Oregon,24048
Josephine,Oregon,87097
Klamath,Oregon,67606
Lake,Oregon,7896
Lane,Oregon,377749
Lincoln,Oregon,49336
Linn,Oregon,127216
Malheur,Oregon,30632
Marion,Oregon,343742
Morrow,Oregon,11425
Multnomah,Oregon,809869
Polk,Oregon,84730
Sherman,Oregon,1686
Tillamook,Oregon,26782
Umatilla,Oregon,77319
Union,Oregon,26502
Wallowa,Oregon,7065
Wasco,Oregon,26274
Washington,Oregon,595761
Wheeler,Oregon,1417
Yamhill,Oregon,106087
Adams,Pennsylvania,102627
Allegheny,Pennsylvania,1218380
Armstrong,Pennsylvania,65356
Beaver,Pennsylvania,164781
Bedford,Pennsylvania,48154
Berks,Pennsylvania,419062
Blair,Pennsylvania,122495
Bradford,Pennsylvania,60721
Bucks,Pennsylvania,627668
Butler,Pennsylvania,187798
Cambria,Pennsylvania,131611
Cameron,Pennsylvania,4512
Carbon,Pennsylvania,63964
Centre,Pennsylvania,162264
Chester,Pennsylvania,521980
Clarion,Pennsylvania,38633
Clearfield,Pennsylvania,79466
Clinton,Pennsylvania,38549
Columbia,Pennsylvania,65390
Crawford,Pennsylvania,85074
Cumberland,Pennsylvania,251487
Dauphin,Pennsylvania,277071
Delaware,Pennsylvania,565328
Elk,Pennsylvania,30077
Erie,Pennsylvania,272046
Fayette,Pennsylvania,130329
Forest,Pennsylvania,7190
Franklin,Pennsylvania,154954
Fulton,Pennsylvania,14492
Greene,Pennsylvania,36484
Huntingdon,Pennsylvania,45145
Indiana,Pennsylvania,84463
Jefferson,Pennsylvania,43570
Juniata,Pennsylvania,24657
Lackawanna,Pennsylvania,210162
Lancaster,Pennsylvania,543050
Lawrence,Pennsylvania,86148
Lebanon,Pennsylvania,140410
Lehigh,Pennsylvania,367338
Luzerne,Pennsylvania,317547
Lycoming,Pennsylvania,114014
McKean,Pennsylvania,41021
Mercer,Pennsylvania,110519
Mifflin,Pennsylvania,46179
Monroe,Pennsylvania,168824
Montgomery,Pennsylvania,827180
Montour,Pennsylvania,18178
Northampton,Pennsylvania,304233
Northumberland,Pennsylvania,91234
Perry,Pennsylvania,46133
Philadelphia,Pennsylvania,1581531
Pike,Pennsylvania,55660
Potter,Pennsylvania,16685
Schuylkill,Pennsylvania,141935
Snyder,Pennsylvania,40452
Somerset,Pennsylvania,73844
Sullivan,Pennsylvania,6038
Susquehanna,Pennsylvania,40604
Tioga,Pennsylvania,40759
Union,Pennsylvania,44831
Venango,Pennsylvania,51355
Warren,Pennsylvania,39466
Washington,Pennsylvania,207081
Wayne,Pennsylvania,51268
Westmoreland,Pennsylvania,350722
Wyoming,Pennsylvania,27078
York,Pennsylvania,447628
Bristol,Rhode Island,48645
Kent,Rhode Island,164122
Newport,Rhode Island,82731
Providence,Rhode Island,636161
Washington,Rhode Island,126139
Abbeville,South Carolina,24582
Aiken,South Carolina,169947
Allendale,South Carolina,8789
Anderson,South Carolina,200183
Bamberg,South Carolina,14236
Barnwell,South Carolina,21170
Beaufort,South Carolina,189732
Berkeley,South Carolina,222103
Calhoun,South Carolina,14608
Charleston,South Carolina,407543
Cherokee,South Carolina,57110
Chester,South Carolina,32260
Chesterfield,South Carolina,45833
Clarendon,South Carolina,33865
Colleton,South Carolina,37624
Darlington,South Carolina,66858
Dillon,South Carolina,30473
Dorchester,South Carolina,161309
Edgefield,South Carolina,27021
Fairfield,South Carolina,22406
Florence,South Carolina,138237
Georgetown,South Carolina,62150
Greenville,South Carolina,516126
Greenwood,South Carolina,70672
Hampton,South Carolina,19223
Horry,South Carolina,344186
Jasper,South Carolina,29558
Kershaw,South Carolina,65926
Lancaster,South Carolina,95378
Laurens,South Carolina,66990
Lee,South Carolina,17144
Lexington,South Carolina,295033
McCormick,South Carolina,9495
Marion,South Carolina,30954
Marlboro,South Carolina,26376
Newberry,South Carolina,38329
Oconee,South Carolina,78314
Orangeburg,South Carolina,86953
Pickens,South Carolina,125381
Richland,South Carolina,414660
Saluda,South Carolina,20292
Spartanburg,South Carolina,313791
Sumter,South Carolina,106675
Union,South Carolina,27325
Williamsburg,South Carolina,30810
York,South Carolina,273887
Aurora,South Dakota,2757
Beadle,South Dakota,18338
Bennett,South Dakota,3430
Bon Homme,South Dakota,6914
Brookings,South Dakota,35115
Brown,South Dakota,38988
Brule,South Dakota,5233
Buffalo,South Dakota,2005
Butte,South Dakota,10295
Campbell,South Dakota,1458
Charles Mix,South Dakota,9324
Clark,South Dakota,3715
Clay,South Dakota,14076
Codington,South Dakota,28133
Corson,South Dakota,4106
Custer,South Dakota,8826
Davison,South Dakota,19890
Day,South Dakota,5452
Deuel,South Dakota,4309
Dewey,South Dakota,5841
Douglas,South Dakota,2913
Edmunds,South Dakota,3876
Fall River,South Dakota,6721
Faulk,South Dakota,2315
Grant,South Dakota,7125
Gregory,South Dakota,4193
Haakon,South Dakota,1935
Hamlin,South Dakota,6104
Hand,South Dakota,3064
Hanson,South Dakota,3423
Harding,South Dakota,1178
Hughes,South Dakota,17560
Hutchinson,South Dakota,7308
Hyde,South Dakota,1446
Jackson,South Dakota,3296
Jerauld,South Dakota,2009
Jones,South Dakota,873
Kingsbury,South Dakota,4936
Lake,South Dakota,12747
Lawrence,South Dakota,25806
Lincoln,South Dakota,58887
Lyman,South Dakota,3831
McCook,South Dakota,5543
McPherson,South Dakota,2316
Marshall,South Dakota,4881
Meade,South Dakota,28149
Mellette,South Dakota,2065
Miner,South Dakota,2213
Minnehaha,South Dakota,191682
Moody,South Dakota,6508
Oglala Lakota,South Dakota,14277
Pennington,South Dakota,112504
Perkins,South Dakota,2996
Potter,South Dakota,2311
Roberts,South Dakota,10310
Sanborn,South Dakota,2372
Spink,South Dakota,6438
Stanley,South Dakota,3058
Sully,South Dakota,1278
Todd,South Dakota,10308
Tripp,South Dakota,5448
Turner,South Dakota,8325
Union,South Dakota,15659
Walworth,South Dakota,5431
Yankton,South Dakota,22746
Ziebach,South Dakota,2767
Anderson,Tennessee,76513
Bedford,Tennessee,48937
Benton,Tennessee,16133
Bledsoe,Tennessee,14961
Blount,Tennessee,131641
Bradley,Tennessee,106924
Campbell,Tennessee,39818
Cannon,Tennessee,14374
Carroll,Tennessee,27841
Carter,Tennessee,56452
Cheatham,Tennessee,40539
Chester,Tennessee,17260
Claiborne,Tennessee,31827
Clay,Tennessee,7640
Cocke,Tennessee,35797
Coffee,Tennessee,56024
Crockett,Tennessee,14310
Cumberland,Tennessee,60016
Davidson,Tennessee,690540
Decatur,Tennessee,11663
DeKalb,Tennessee,20104
Dickson,Tennessee,53289
Dyer,Tennessee,37201
Fayette,Tennessee,40612
Fentress,Tennessee,18405
Franklin,Tennessee,41999
Gibson,Tennessee,49193
Giles,Tennessee,29403
Grainger,Tennessee,23268
Greene,Tennessee,69077
Grundy,Tennessee,13371
Hamblen,Tennessee,64479
Hamilton,Tennessee,364718
Hancock,Tennessee,6568
Hardeman,Tennessee,25247
Hardin,Tennessee,25665
Hawkins,Tennessee,56735
Haywood,Tennessee,17391
Henderson,Tennessee,27956
Henry,Tennessee,32251
Hickman,Tennessee,25017
Houston,Tennessee,8201
Humphreys,Tennessee,18528
Jackson,Tennessee,11767
Jefferson,Tennessee,54162
Johnson,Tennessee,17755
Knox,Tennessee,466184
Lake,Tennessee,7273
Lauderdale,Tennessee,25689
Lawrence,Tennessee,43780
Lewis,Tennessee,12131
Lincoln,Tennessee,34158
Loudon,Tennessee,53169
McMinn,Tennessee,53392
McNairy,Tennessee,25814
Macon,Tennessee,24208
Madison,Tennessee,97838
Marion,Tennessee,28639
Marshall,Tennessee,33708
Maury,Tennessee,94615
Meigs,Tennessee,12237
Monroe,Tennessee,46413
Montgomery,Tennessee,204992
Moore,Tennessee,6396
Morgan,Tennessee,21538
Obion,Tennessee,30343
Overton,Tennessee,22171
Perry,Tennessee,8020
Pickett,Tennessee,5068
Polk,Tennessee,16807
Putnam,Tennessee,78542
Rhea,Tennessee,32964
Roane,Tennessee,53331
Robertson,Tennessee,70982
Rutherford,Tennessee,324139
Scott,Tennessee,22020
Sequatchie,Tennessee,14936
Sevier,Tennessee,98007
Shelby,Tennessee,936611
Smith,Tennessee,19926
Stewart,Tennessee,13553
Sullivan,Tennessee,157707
Sumner,Tennessee,187680
Tipton,Tennessee,61562
Trousdale,Tennessee,10910
Unicoi,Tennessee,17821
Union,Tennessee,19678
Van Buren,Tennessee,5813
Warren,Tennessee,40971
Washington,Tennessee,128874
Wayne,Tennessee,16638
Weakley,Tennessee,33377
White,Tennessee,27087
Williamson,Tennessee,232380
Wilson,Tennessee,140604
Anderson,Texas,57917
Andrews,Texas,18227
Angelina,Texas,87119
Aransas,Texas,24220
Archer,Texas,8754
Armstrong,Texas,1950
Atascosa,Texas,50194
Austin,Texas,29892
Bailey,Texas,6916
Bandera,Texas,22770
Bastrop,Texas,86839
Baylor,Texas,3560
Bee,Texas,32609
Bell,Texas,355700
Bexar,Texas,1978826
Blanco,Texas,11733
Borden,Texas,653
Bosque,Texas,18428
Bowie,Texas,93622
Brazoria,Texas,368062
Brazos,Texas,226370
Brewster,Texas,9231
Briscoe,Texas,1348
Brooks,Texas,7100
Brown,Texas,37805
Burleson,Texas,18237
Burnet,Texas,47548
Caldwell,Texas,42817
Calhoun,Texas,21470
Callahan,Texas,13959
Cameron,Texas,422135
Camp,Texas,12938
Carson,Texas,5957
Cass,Texas,30002
Castro,Texas,7561
Chambers,Texas,42571
Cherokee,Texas,52341
Childress,Texas,7219
Clay,Texas,10444
Cochran,Texas,2860
Coke,Texas,3298
Coleman,Texas,8281
Collin,Texas,1006038
Collingsworth,Texas,2939
Colorado,Texas,21357
Comal,Texas,148921
Comanche,Texas,13597
Concho,Texas,3018
Cooke,Texas,40428
Coryell,Texas,75576
Cottle,Texas,1624
Crane,Texas,4739
Crockett,Texas,3393
Crosby,Texas,5753
Culberson,Texas,2183
Dallam,Texas,7272
Dallas,Texas,2622634
Dawson,Texas,12849
Deaf Smith,Texas,18617
Delta,Texas,5277
Denton,Texas,861690
DeWitt,Texas,20217
Dickens,Texas,2182
Dimmit,Texas,10232
Donley,Texas,3317
Duval,Texas,11194
Eastland,Texas,18289
Ector,Texas,162067
Edwards,Texas,1944
Ellis,Texas,179484
El Paso,Texas,836915
Erath,Texas,42226
Falls,Texas,17281
Fannin,Texas,35046
Fayette,Texas,25247
Fisher,Texas,3827
Floyd,Texas,5782
Foard,Texas,1207
Fort Bend,Texas,790892
Franklin,Texas,10767
Freestone,Texas,19744
Frio,Texas,20013
Gaines,Texas,21077
Galveston,Texas,337600
Garza,Texas,6028
Gillespie,Texas,26668
Glasscock,Texas,1447
Goliad,Texas,7578
Gonzales,Texas,20828
Gray,Texas,22063
Grayson,Texas,133527
Gregg,Texas,123633
Grimes,Texas,28447
Guadalupe,Texas,163030
Hale,Texas,33463
Hall,Texas,3025
Hamilton,Texas,8434
Hansford,Texas,5431
Hardeman,Texas,3958
Hardin,Texas,57356
Harris,Texas,4680609
Harrison,Texas,66547
Hartley,Texas,5588
Haskell,Texas,5711
Hays,Texas,222827
Hemphill,Texas,3901
Henderson,Texas,81969
Hidalgo,Texas,861137
Hill,Texas,36109
Hockley,Texas,22986
Hood,Texas,60025
Hopkins,Texas,36708
Houston,Texas,22942
Howard,Texas,36213
Hudspeth,Texas,4687
Hunt,Texas,96202
Hutchinson,Texas,21105
Irion,Texas,1553
Jack,Texas,8888
Jackson,Texas,14822
Jasper,Texas,35562
Jeff Davis,Texas,2245
Jefferson,Texas,253136
Jim Hogg,Texas,5187
Jim Wells,Texas,40796
Johnson,Texas,171359
Jones,Texas,19874
Karnes,Texas,15547
Kaufman,Texas,129792
Kendall,Texas,45491
Kenedy,Texas,391
Kent,Texas,704
Kerr,Texas,52195
Kimble,Texas,4375
King,Texas,279
Kinney,Texas,3674
Kleberg,Texas,30725
Knox,Texas,3679
Lamar,Texas,49705
Lamb,Texas,13018
Lampasas,Texas,21152
La Salle,Texas,7551
Lavaca,Texas,20072
Lee,Texas,17174
Leon,Texas,17325
Liberty,Texas,86173
Limestone,Texas,23364
Lipscomb,Texas,3301
Live Oak,Texas,12175
Llano,Texas,21452
Loving,Texas,117
Lubbock,Texas,308392
Lynn,Texas,5886
McCulloch,Texas,7970
McLennan,Texas,254045
McMullen,Texas,724
Madison,Texas,14329
Marion,Texas,9987
Martin,Texas,5676
Mason,Texas,4248
Matagorda,Texas,36791
Maverick,Texas,58098
Medina,Texas,50869
Menard,Texas,2108
Midland,Texas,171238
Milam,Texas,24797
Mills,Texas,4877
Mitchell,Texas,8256
Montague,Texas,19640
Montgomery,Texas,590188
Moore,Texas,21169
Morris,Texas,12357
Motley,Texas,1362
Nacogdoches,Texas,65080
Navarro,Texas,49475
Newton,Texas,13788
Nolan,Texas,14901
Nueces,Texas,362151
Ochiltree,Texas,9907
Oldham,Texas,2110
Orange,Texas,83776
Palo Pinto,Texas,28792
Panola,Texas,23186
Parker,Texas,138447
Parmer,Texas,9639
Pecos,Texas,15725
Polk,Texas,50155
Potter,Texas,118323
Presidio,Texas,6808
Rains,Texas,12001
Randall,Texas,136005
Reagan,Texas,3766
Real,Texas,3429
Red River,Texas,12115
Reeves,Texas,15546
Refugio,Texas,7015
Roberts,Texas,784
Robertson,Texas,17094
Rockwall,Texas,101175
Runnels,Texas,10280
Rusk,Texas,53988
Sabine,Texas,10470
San Augustine,Texas,8260
San Jacinto,Texas,28574
San Patricio,Texas,66969
San Saba,Texas,6004
Schleicher,Texas,2898
Scurry,Texas,16918
Shackelford,Texas,3291
Shelby,Texas,25263
Sherman,Texas,3046
Smith,Texas,230184
Somervell,Texas,8958
Starr,Texas,64032
Stephens,Texas,9358
Sterling,Texas,1274
Stonewall,Texas,1412
Sutton,Texas,3793
Swisher,Texas,7403
Tarrant,Texas,2077153
Taylor,Texas,137521
Terrell,Texas,903
Terry,Texas,12408
Throckmorton,Texas,1500
Titus,Texas,32709
Tom Green,Texas,118645
Travis,Texas,1250884
Trinity,Texas,14689
Tyler,Texas,21524
Upshur,Texas,41386
Upton,Texas,3651
Uvalde,Texas,26899
Val Verde,Texas,49018
Van Zandt,Texas,55970
Victoria,Texas,92044
Walker,Texas,72295
Waller,Texas,53626
Ward,Texas,11745
Washington,Texas,35275
Webb,Texas,274847
Wharton,Texas,41672
Wheeler,Texas,5187
Wichita,Texas,132154
Wilbarger,Texas,12717
Willacy,Texas,21419
Williamson,Texas,570437
Wilson,Texas,50110
Winkler,Texas,7822
Wise,Texas,67884
Wood,Texas,45054
Yoakum,Texas,8612
Young,Texas,17961
Zapata,Texas,14243
Zavala,Texas,11930
Beaver,Utah,6594
Box Elder,Utah,54953
Cache,Utah,126336
Carbon,Utah,20401
Daggett,Utah,590
Davis,Utah,350761
Duchesne,Utah,19950
Emery,Utah,10099
Garfield,Utah,5000
Grand,Utah,9698
Iron,Utah,53148
Juab,Utah,11623
Kane,Utah,7658
Millard,Utah,12963
Morgan,Utah,11950
Piute,Utah,1870
Rich,Utah,2415
Salt Lake,Utah,1146215
San Juan,Utah,15295
Sanpete,Utah,30421
Sevier,Utah,21475
Summit,Utah,41680
Tooele,Utah,69740
Uintah,Utah,35736
Utah,Utah,621506
Wasatch,Utah,33053
Washington,Utah,172127
Wayne,Utah,2698
Weber,Utah,255284
Addison,Vermont,36947
Bennington,Vermont,35649
Caledonia,Vermont,30027
Chittenden,Vermont,163414
Essex,Vermont,6179
Franklin,Vermont,49275
Grand Isle,Vermont,7075
Lamoille,Vermont,25376
Orange,Vermont,28873
Orleans,Vermont,26843
Rutland,Vermont,58527
Washington,Vermont,58336
Windham,Vermont,42628
Windsor,Vermont,55191
Accomack,Virginia,32560
Albemarle,Virginia,108819
Alleghany,Virginia,15030
Amelia,Virginia,12970
Amherst,Virginia,31782
Appomattox,Virginia,15814
Arlington,Virginia,236434
Augusta,Virginia,75754
Bath,Virginia,4248
Bedford,Virginia,78965
Bland,Virginia,6334
Botetourt,Virginia,33440
Brunswick,Virginia,16336
Buchanan,Virginia,21374
Buckingham,Virginia,17087
Campbell,Virginia,55406
Caroline,Virginia,30581
Carroll,Virginia,29911
Charles City,Virginia,6965
Charlotte,Virginia,11953
Chesterfield,Virginia,348500
Clarke,Virginia,14498
Craig,Virginia,5103
Culpeper,Virginia,51935
Cumberland,Virginia,9869
Dickenson,Virginia,14524
Dinwiddie,Virginia,28686
Essex,Virginia,10960
Fairfax,Virginia,1149439
Fauquier,Virginia,70353
Floyd,Virginia,15766
Fluvanna,Virginia,26873
Franklin,Virginia,56231
Frederick,Virginia,88054
Giles,Virginia,16760
Gloucester,Virginia,37362
Goochland,Virginia,23472
Grayson,Virginia,15651
Greene,Virginia,19734
Greensville,Virginia,11403
Halifax,Virginia,34295
Hanover,Virginia,106538
Henrico,Virginia,330076
Henry,Virginia,51032
Highland,Virginia,2202
Isle of Wight,Virginia,37107
James City,Virginia,76032
King and Queen,Virginia,7011
King George,Virginia,26679
King William,Virginia,16985
Lancaster,Virginia,10686
Lee,Virginia,23723
Loudoun,Virginia,405312
Louisa,Virginia,36654
Lunenburg,Virginia,12294
Madison,Virginia,13208
Mathews,Virginia,8760
Mecklenburg,Virginia,30726
Middlesex,Virginia,10642
Montgomery,Virginia,98495
Nelson,Virginia,14812
New Kent,Virginia,22310
Northampton,Virginia,11826
Northumberland,Virginia,12151
Nottoway,Virginia,15338
Orange,Virginia,36501
Page,Virginia,23862
Patrick,Virginia,17660
Pittsylvania,Virginia,60867
Powhatan,Virginia,29253
Prince Edward,Virginia,22892
Prince George,Virginia,38292
Prince William,Virginia,466834
Pulaski,Virginia,34113
Rappahannock,Virginia,7360
Richmond,Virginia,8951
Roanoke,Virginia,94103
Rockbridge,Virginia,22728
Rockingham,Virginia,81138
Russell,Virginia,26937
Scott,Virginia,21761
Shenandoah,Virginia,43441
Smyth,Virginia,30539
Southampton,Virginia,17829
Spotsylvania,Virginia,134683
Stafford,Virginia,150185
Surry,Virginia,6459
Sussex,Virginia,11202
Tazewell,Virginia,41201
Warren,Virginia,39888
Washington,Virginia,54005
Westmoreland,Virginia,17873
Wise,Virginia,38032
Wythe,Virginia,28725
York,Virginia,68389
Alexandria city,Virginia,158309
Bristol city,Virginia,17059
Buena Vista city,Virginia,6477
Charlottesville city,Virginia,47217
Chesapeake city,Virginia,242647
Colonial Heights city,Virginia,17283
Covington city,Virginia,5653
Danville city,Virginia,40668
Emporia city,Virginia,5408
Fairfax city,Virginia,23312
Falls Church city,Virginia,14309
Franklin city,Virginia,8015
Fredericksburg city,Virginia,29059
Galax city,Virginia,6402
Hampton city,Virginia,135169
Harrisonburg city,Virginia,53558
Hopewell city,Virginia,22500
Lexington city,Virginia,7205
Lynchburg city,Virginia,80970
Manassas city,Virginia,41038
Manassas Park city,Virginia,17548
Martinsville city,Virginia,12646
Newport News city,Virginia,179582
Norfolk city,Virginia,244300
Norton city,Virginia,3969
Petersburg city,Virginia,30791
Poquoson city,Virginia,12121
Portsmouth city,Virginia,94961
Radford city,Virginia,17833
Richmond city,Virginia,229233
Roanoke city,Virginia,99122
Salem city,Virginia,25290
Staunton city,Virginia,24660
Suffolk city,Virginia,91383
Virginia Beach city,Virginia,450882
Waynesboro city,Virginia,22300
Williamsburg city,Virginia,15034
Winchester city,Virginia,27912
Adams,Washington,19702
Asotin,Washington,22636
Benton,Washington,200715
Chelan,Washington,76653
Clallam,Washington,76482
Clark,Washington,481950
Columbia,Washington,4024
Cowlitz,Washington,108399
Douglas,Washington,42520
Ferry,Washington,7643
Franklin,Washington,93681
Garfield,Washington,2258
Grant,Washington,96648
Grays Harbor,Washington,73769
Island,Washington,84187
Jefferson,Washington,31825
King,Washington,2225064
Kitsap,Washington,268945
Kittitas,Washington,47097
Klickitat,Washington,22055
Lewis,Washington,79430
Lincoln,Washington,10732
Mason,Washington,65326
Okanogan,Washington,42080
Pacific,Washington,22121
Pend Oreille,Washington,13588
Pierce,Washington,891862
San Juan,Washington,16953
Skagit,Washington,127442
Skamania,Washington,11906
Snohomish,Washington,811572
Spokane,Washington,513402
Stevens,Washington,45233
Thurston,Washington,284698
Wahkiakum,Washington,4318
Walla Walla,Washington,60785
Whatcom,Washington,224538
Whitman,Washington,49577
Yakima,Washington,250649
Barbour,West Virginia,16543
Berkeley,West Virginia,117615
Boone,West Virginia,21897
Braxton,West Virginia,14032
Brooke,West Virginia,22162
Cabell,West Virginia,93328
Calhoun,West Virginia,7185
Clay,West Virginia,8599
Doddridge,West Virginia,8499
Fayette,West Virginia,43087
Gilmer,West Virginia,7970
Grant,West Virginia,11565
Greenbrier,West Virginia,34893
Hampshire,West Virginia,23304
Hancock,West Virginia,29118
Hardy,West Virginia,13789
Harrison,West Virginia,67620
Jackson,West Virginia,28793
Jefferson,West Virginia,56922
Kanawha,West Virginia,181014
Lewis,West Virginia,16024
Lincoln,West Virginia,20617
Logan,West Virginia,32593
McDowell,West Virginia,18083
Marion,West Virginia,56233
Marshall,West Virginia,30900
Mason,West Virginia,26700
Mercer,West Virginia,59370
Mineral,West Virginia,27047
Mingo,West Virginia,23808
Monongalia,West Virginia,106196
Monroe,West Virginia,13344
Morgan,West Virginia,17800
Nicholas,West Virginia,24857
Ohio,West Virginia,41875
Pendleton,West Virginia,6968
Pleasants,West Virginia,7457
Pocahontas,West Virginia,8382
Preston,West Virginia,33610
Putnam,West Virginia,56604
Raleigh,West Virginia,74452
Randolph,West Virginia,28763
Ritchie,West Virginia,9747
Roane,West Virginia,13831
Summers,West Virginia,12710
Taylor,West Virginia,16817
Tucker,West Virginia,6943
Tyler,West Virginia,8736
Upshur,West Virginia,24451
Wayne,West Virginia,39952
Webster,West Virginia,8289
Wetzel,West Virginia,15291
Wirt,West Virginia,5764
Wood,West Virginia,84387
Wyoming,West Virginia,20890
Adams,Wisconsin,20208
Ashland,Wisconsin,15524
Barron,Wisconsin,45182
Bayfield,Wisconsin,15088
Brown,Wisconsin,262559
Buffalo,Wisconsin,13087
Burnett,Wisconsin,15363
Calumet,Wisconsin,50005
Chippewa,Wisconsin,64175
Clark,Wisconsin,34668
Columbia,Wisconsin,57331
Crawford,Wisconsin,16155
Dane,Wisconsin,542459
Dodge,Wisconsin,87569
Door,Wisconsin,27621
Douglas,Wisconsin,43497
Dunn,Wisconsin,45029
Eau Claire,Wisconsin,104132
Florence,Wisconsin,4312
Fond du Lac,Wisconsin,102654
Forest,Wisconsin,9003
Grant,Wisconsin,51570
Green,Wisconsin,36790
Green Lake,Wisconsin,18807
Iowa,Wisconsin,23632
Iron,Wisconsin,5679
Jackson,Wisconsin,20556
Jefferson,Wisconsin,84837
Juneau,Wisconsin,26603
Kenosha,Wisconsin,168998
Kewaunee,Wisconsin,20398
La Crosse,Wisconsin,118168
Lafayette,Wisconsin,16682
Langlade,Wisconsin,19167
Lincoln,Wisconsin,27687
Manitowoc,Wisconsin,78977
Marathon,Wisconsin,135485
Marinette,Wisconsin,40312
Marquette,Wisconsin,15380
Menominee,Wisconsin,4566
Milwaukee,Wisconsin,949180
Monroe,Wisconsin,46155
Oconto,Wisconsin,37870
Oneida,Wisconsin,35480
Outagamie,Wisconsin,186829
Ozaukee,Wisconsin,89179
Pepin,Wisconsin,7261
Pierce,Wisconsin,42336
Polk,Wisconsin,43549
Portage,Wisconsin,70822
Price,Wisconsin,13351
Racine,Wisconsin,195859
Richland,Wisconsin,17408
Rock,Wisconsin,162532
Rusk,Wisconsin,14074
St. Croix,Wisconsin,89702
Sauk,Wisconsin,64152
Sawyer,Wisconsin,16477
Shawano,Wisconsin,40813
Sheboygan,Wisconsin,115152
Taylor,Wisconsin,20320
Trempealeau,Wisconsin,29525
Vernon,Wisconsin,30759
Vilas,Wisconsin,21923
Walworth,Wisconsin,103391
Washburn,Wisconsin,15726
Washington,Wisconsin,135529
Waukesha,Wisconsin,402637
Waupaca,Wisconsin,50997
Waushara,Wisconsin,24256
Winnebago,Wisconsin,170924
Wood,Wisconsin,72892
Albany,Wyoming,38664
Big Horn,Wyoming,11809
Campbell,Wyoming,46958
Carbon,Wyoming,15073
Converse,Wyoming,13842
Crook,Wyoming,7502
Fremont,Wyoming,39711
Goshen,Wyoming,13301
Hot Springs,Wyoming,4550
Johnson,Wyoming,8518
Laramie,Wyoming,99272
Lincoln,Wyoming,19640
Natrona,Wyoming,80067
Niobrara,Wyoming,2377
Park,Wyoming,29273
Platte,Wyoming,8572
Sheridan,Wyoming,30397
Sublette,Wyoming,9865
Sweetwater,Wyoming,43352
Teton,Wyoming,23356
Uinta,Wyoming,20374
Washakie,Wyoming,7933
Weston,Wyoming,6942
